country_iso2,country_name,year,farmed_animals_per_capita,aquaculture_pct,animal_rights_risk,rule_of_law_risk,meat_consumption_kg,animal_rights_delta_risk,plant_protein_risk,public_concern_risk,civic_space_risk,civil_liberties_risk,ai_governance_risk,ai_aw_research_risk,ai_sentience_risk,speciesist_bias_ratio,patent_intensity
AR,Argentina,2004,215.0,5.8,0.928,0.451,115.0,-0.008,0.5637,67,0.1656,0.083,1.0,14.094999999999999,5.7758,27.73,0.000715
AR,Argentina,2005,216.5,5.81,0.925,0.451,114.95,-0.003,0.571,67,0.1656,0.083,1.0,14.0792,5.7721,26.845,0.000858
AR,Argentina,2006,218.0,5.82,0.922,0.451,114.91,-0.003,0.5783,67,0.1656,0.086,1.0,14.0611,5.7679,25.96,0.001029
AR,Argentina,2007,219.5,5.83,0.906,0.468,114.86,-0.016,0.5856,67,0.1656,0.09,1.0,14.040199999999999,5.7631,25.075,0.001235
AR,Argentina,2008,221.0,5.84,0.906,0.478,114.82,-0.0,0.5928,67,0.1702,0.095,1.0,14.0163,5.7576,24.19,0.001482
AR,Argentina,2009,221.8,5.86,0.906,0.478,114.77,-0.0,0.6001,67,0.1702,0.096,1.0,13.9887,5.7512,23.305,0.001779
AR,Argentina,2010,222.6,5.87,0.906,0.478,114.73,-0.0,0.6074,67,0.2057,0.099,1.0,13.956999999999999,5.7439,22.42,0.002135
AR,Argentina,2011,223.4,5.88,0.906,0.478,114.68,-0.0,0.6135,67,0.2057,0.101,1.0,13.920599999999999,5.7355,21.535,0.002562
AR,Argentina,2012,224.2,5.89,0.906,0.478,114.64,-0.0,0.6308,67,0.2057,0.107,1.0,13.878699999999998,5.7258,20.65,0.003074
AR,Argentina,2013,225.0,5.9,0.906,0.486,114.59,-0.0,0.6293,67,0.1637,0.106,1.0,13.830499999999999,5.7147,19.765,0.003689
AR,Argentina,2014,225.4,5.91,0.906,0.486,114.55,-0.0,0.6325,67,0.1637,0.105,1.0,13.774999999999999,5.7019,18.88,0.004426
AR,Argentina,2015,225.8,5.92,0.916,0.473,114.5,0.01,0.6423,67,0.1637,0.121,1.0,13.7113,5.6872,17.995,0.005312
AR,Argentina,2016,226.2,5.93,0.942,0.343,114.46,0.026,0.64,67,0.1288,0.108,1.0,13.638,5.6703,17.11,0.006374
AR,Argentina,2017,226.6,5.94,0.942,0.333,114.41,-0.0,0.6436,67,0.1288,0.125,1.0,13.5537,5.6508,16.225,0.007649
AR,Argentina,2018,227.1,5.96,0.942,0.346,114.37,-0.0,0.6453,67,0.1027,0.109,1.0,13.4567,5.6285,15.34,0.009178
AR,Argentina,2019,227.5,5.97,0.942,0.349,114.33,-0.0,0.6247,67,0.1027,0.126,1.0,13.345199999999998,5.6027,14.455,0.011014
AR,Argentina,2020,227.9,5.98,0.915,0.377,114.29,-0.027,0.6334,67,0.1517,0.114,1.0,13.216999999999999,5.5732,13.57,0.013217
AR,Argentina,2021,228.3,5.99,0.915,0.382,114.24,-0.0,0.6186,67,0.1517,0.128,1.0,13.0696,5.5390999999999995,12.685,0.01586
AR,Argentina,2022,228.7,6.0,0.925,0.39,114.2,0.01,0.6138,67,0.1517,0.125,1.0,12.899999999999999,5.5,11.8,0.019033
AU,Australia,2004,78.1,4.8,0.988,0.006,112.0,-0.0,0.6622,38,0.1278,0.048,1.0,13.5374,5.6303,42.77,0.000993
AU,Australia,2005,79.0,4.82,0.988,0.006,112.0,-0.0,0.6653,38,0.1278,0.048,1.0,13.437999999999999,5.6049,41.405,0.001191
AU,Australia,2006,79.9,4.84,0.988,0.006,112.0,-0.0,0.6684,38,0.1278,0.048,1.0,13.323699999999999,5.5756,40.04,0.001429
AU,Australia,2007,80.9,4.87,0.988,0.006,112.0,-0.0,0.6716,38,0.1278,0.048,1.0,13.1923,5.5419,38.675,0.001715
AU,Australia,2008,81.8,4.89,0.988,0.006,112.0,-0.0,0.6747,38,0.1278,0.046,1.0,13.0411,5.5032,37.31,0.002058
AU,Australia,2009,82.3,4.91,0.988,0.006,112.0,-0.0,0.6778,38,0.1278,0.046,1.0,12.8673,5.458699999999999,35.945,0.00247
AU,Australia,2010,82.8,4.93,0.988,0.007,112.0,-0.0,0.6809,38,0.1278,0.047,1.0,12.667399999999999,5.4075,34.58,0.002964
AU,Australia,2011,83.2,4.96,0.988,0.007,112.0,-0.0,0.7029,38,0.1278,0.047,1.0,12.4375,5.348599999999999,33.215,0.003556
AU,Australia,2012,83.7,4.98,0.988,0.007,112.0,-0.0,0.6974,38,0.1278,0.047,1.0,12.1731,5.2809,31.85,0.004268
AU,Australia,2013,84.2,5.0,0.988,0.012,112.0,-0.0,0.6903,38,0.1622,0.059,1.0,11.869,5.202999999999999,30.485,0.005121
AU,Australia,2014,84.2,5.02,0.988,0.011,112.0,-0.0,0.6966,38,0.1622,0.058,1.0,11.5194,5.1135,29.12,0.006145
AU,Australia,2015,84.2,5.04,0.988,0.012,112.0,-0.0,0.7003,38,0.1622,0.058,1.0,11.1173,5.0104999999999995,27.755,0.007374
AU,Australia,2016,84.2,5.07,0.988,0.01,111.93,-0.0,0.7019,38,0.1622,0.056,1.0,10.6549,4.8921,26.39,0.008849
AU,Australia,2017,84.2,5.09,0.988,0.009,111.86,-0.0,0.6924,38,0.1622,0.069,1.0,10.123199999999999,4.7559,25.025,0.010619
AU,Australia,2018,84.2,5.11,0.988,0.011,111.79,-0.0,0.6942,38,0.1622,0.069,1.0,9.5116,4.5992999999999995,23.66,0.012743
AU,Australia,2019,84.2,5.13,0.988,0.01,111.71,-0.0,0.6708,38,0.2126,0.079,0.5,8.808399999999999,4.4192,22.295,0.015292
AU,Australia,2020,84.2,5.16,0.988,0.011,111.64,-0.0,0.6748,38,0.1957,0.077,0.5,7.999599999999999,4.2120999999999995,20.93,0.01835
AU,Australia,2021,84.2,5.18,0.988,0.01,111.57,-0.0,0.6575,38,0.1723,0.087,0.5,7.069599999999999,3.9738999999999995,19.565,0.02202
AU,Australia,2022,84.2,5.2,0.988,0.01,111.5,-0.0,0.646,38,0.1723,0.079,0.5,6.0,3.6999999999999997,18.2,0.026424
BR,Brazil,2004,271.0,6.5,0.985,0.269,81.0,-0.0,0.4993,62,0.157,0.164,1.0,14.054599999999999,5.7677,29.375,0.000548
BR,Brazil,2005,277.2,6.78,0.985,0.2,81.5,-0.0,0.5091,62,0.157,0.133,1.0,14.032699999999998,5.7627999999999995,28.4375,0.000657
BR,Brazil,2006,283.5,7.05,0.985,0.204,82.0,-0.0,0.519,62,0.157,0.132,1.0,14.0076,5.7573,27.5,0.000789
BR,Brazil,2007,289.8,7.32,0.985,0.204,82.5,-0.0,0.5289,62,0.157,0.132,1.0,13.9788,5.7508,26.5625,0.000946
BR,Brazil,2008,296.0,7.6,0.985,0.204,83.0,-0.0,0.5388,62,0.157,0.132,1.0,13.945599999999999,5.7435,25.625,0.001136
BR,Brazil,2009,299.0,7.66,0.985,0.204,83.09,-0.0,0.5487,62,0.157,0.132,1.0,13.907399999999999,5.734999999999999,24.6875,0.001363
BR,Brazil,2010,302.0,7.71,0.985,0.199,83.17,-0.0,0.5586,62,0.1465,0.132,1.0,13.8636,5.7252,23.75,0.001636
BR,Brazil,2011,305.0,7.77,0.985,0.199,83.26,-0.0,0.5719,62,0.161,0.132,1.0,13.813099999999999,5.7139999999999995,22.8125,0.001963
BR,Brazil,2012,308.0,7.83,0.985,0.2,83.34,-0.0,0.5821,62,0.161,0.133,1.0,13.755099999999999,5.701099999999999,21.875,0.002355
BR,Brazil,2013,311.0,7.89,0.985,0.203,83.43,-0.0,0.5882,62,0.1663,0.135,1.0,13.6883,5.6863,20.9375,0.002826
BR,Brazil,2014,311.2,7.94,0.985,0.203,83.51,-0.0,0.5958,62,0.1663,0.135,1.0,13.6116,5.6692,20.0,0.003391
BR,Brazil,2015,311.4,8.0,0.984,0.206,83.6,-0.001,0.6058,62,0.1663,0.138,1.0,13.523299999999999,5.6495999999999995,19.0625,0.00407
BR,Brazil,2016,311.5,8.06,0.973,0.264,83.69,-0.011,0.6007,62,0.2392,0.162,1.0,13.4218,5.6270999999999995,18.125,0.004884
BR,Brazil,2017,311.7,8.11,0.973,0.272,83.77,-0.0,0.6059,62,0.2392,0.179,1.0,13.3051,5.6011,17.1875,0.00586
BR,Brazil,2018,311.9,8.17,0.973,0.29,83.86,-0.0,0.6126,62,0.2424,0.215,1.0,13.1708,5.5713,16.25,0.007032
BR,Brazil,2019,312.1,8.23,0.94,0.362,83.94,-0.033,0.6367,62,0.2424,0.305,1.0,13.016499999999999,5.537,15.3125,0.008439
BR,Brazil,2020,312.2,8.29,0.953,0.356,84.03,0.013,0.6353,62,0.2177,0.317,1.0,12.838899999999999,5.4975,14.375,0.010127
BR,Brazil,2021,312.4,8.34,0.945,0.358,84.11,-0.008,0.6302,62,0.2177,0.334,1.0,12.634799999999998,5.4521999999999995,13.4375,0.012152
BR,Brazil,2022,312.6,8.4,0.941,0.368,84.2,-0.004,0.6301,62,0.2033,0.329,1.0,12.399999999999999,5.3999999999999995,12.5,0.014583
CA,Canada,2004,85.0,5.8,0.969,0.023,96.0,-0.0,0.5891,32,0.2442,0.066,1.0,13.464699999999999,5.541399999999999,51.935,0.001966
CA,Canada,2005,86.0,5.82,0.969,0.023,95.95,-0.0,0.5863,32,0.2442,0.066,1.0,13.3544,5.5026,50.2775,0.002359
CA,Canada,2006,86.9,5.83,0.969,0.023,95.91,-0.0,0.5835,32,0.2442,0.067,1.0,13.2275,5.458,48.62,0.002831
CA,Canada,2007,87.8,5.85,0.969,0.02,95.86,-0.0,0.5807,32,0.2442,0.065,1.0,13.0817,5.4067,46.9625,0.003397
CA,Canada,2008,88.8,5.87,0.969,0.021,95.82,-0.0,0.5778,32,0.2442,0.065,1.0,12.9139,5.3477,45.305,0.004076
CA,Canada,2009,89.2,5.88,0.969,0.021,95.77,-0.0,0.575,32,0.2442,0.065,1.0,12.721,5.2799,43.6475,0.004892
CA,Canada,2010,89.7,5.9,0.969,0.02,95.73,-0.0,0.5722,32,0.2442,0.065,1.0,12.499099999999999,5.2019,41.99,0.00587
CA,Canada,2011,90.1,5.92,0.969,0.02,95.68,-0.0,0.5707,32,0.2442,0.065,1.0,12.244,5.1122,40.3325,0.007044
CA,Canada,2012,90.6,5.93,0.969,0.02,95.64,-0.0,0.561,32,0.2442,0.064,1.0,11.9506,5.0089999999999995,38.675,0.008453
CA,Canada,2013,91.0,5.95,0.969,0.019,95.59,-0.0,0.5637,32,0.2442,0.059,1.0,11.613199999999999,4.8904,37.0175,0.010143
CA,Canada,2014,91.1,5.97,0.969,0.019,95.55,-0.0,0.5873,32,0.2442,0.061,1.0,11.2252,4.7539,35.36,0.012172
CA,Canada,2015,91.1,5.98,0.969,0.018,95.5,-0.0,0.5964,32,0.2442,0.061,1.0,10.779,4.5969999999999995,33.7025,0.014606
CA,Canada,2016,91.2,6.0,0.969,0.017,95.47,-0.0,0.5664,32,0.2442,0.062,1.0,10.265799999999999,4.4166,32.045,0.017527
CA,Canada,2017,91.2,6.02,0.969,0.017,95.44,-0.0,0.5594,32,0.2443,0.069,0.5,9.675699999999999,4.209,30.3875,0.021033
CA,Canada,2018,91.3,6.03,0.969,0.017,95.41,-0.0,0.5909,32,0.2443,0.07,0.5,8.997,3.9703999999999997,28.73,0.025239
CA,Canada,2019,91.3,6.05,0.98,0.022,95.39,0.011,0.5911,32,0.1853,0.068,0.5,8.2166,3.6959,27.0725,0.030287
CA,Canada,2020,91.4,6.07,0.942,0.035,95.36,-0.038,0.5948,32,0.2283,0.069,0.5,7.3191,3.3802999999999996,25.415,0.036345
CA,Canada,2021,91.4,6.08,0.908,0.031,95.33,-0.034,0.6018,32,0.2283,0.068,0.5,6.286999999999999,3.0174,23.7575,0.043614
CA,Canada,2022,91.5,6.1,0.883,0.037,95.3,-0.025,0.6003,32,0.2283,0.094,0.5,5.1,2.5999999999999996,22.1,0.052336
CN,China,2004,198.0,48.5,0.31,0.69,54.0,-0.0,0.3914,82,0.5692,0.702,1.0,14.030299999999999,5.743399999999999,66.975,0.004895
CN,China,2005,202.2,50.25,0.31,0.754,54.88,-0.0,0.3927,82,0.6452,0.71,1.0,14.0049,5.734999999999999,64.8375,0.005874
CN,China,2006,206.5,52.0,0.31,0.754,55.75,-0.0,0.3939,82,0.6452,0.71,1.0,13.9756,5.7252,62.7,0.007049
CN,China,2007,210.8,53.75,0.31,0.754,56.62,-0.0,0.3951,82,0.6452,0.705,1.0,13.941899999999999,5.7139999999999995,60.5625,0.008459
CN,China,2008,215.0,55.5,0.31,0.751,57.5,-0.0,0.3963,82,0.6385,0.708,1.0,13.9032,5.701099999999999,58.425,0.01015
CN,China,2009,217.6,56.72,0.295,0.755,57.81,-0.015,0.3975,82,0.6385,0.712,1.0,13.858699999999999,5.6861999999999995,56.2875,0.01218
CN,China,2010,220.2,57.94,0.295,0.755,58.11,-0.0,0.3987,82,0.6448,0.713,1.0,13.8075,5.6692,54.15,0.014616
CN,China,2011,222.8,59.16,0.307,0.754,58.42,0.012,0.393,82,0.6448,0.717,1.0,13.7486,5.6495,52.0125,0.01754
CN,China,2012,225.4,60.38,0.307,0.746,58.73,-0.0,0.3977,82,0.6466,0.718,1.0,13.6809,5.627,49.875,0.021048
CN,China,2013,228.0,61.6,0.296,0.73,59.04,-0.011,0.4024,82,0.7085,0.74,1.0,13.603,5.601,47.7375,0.025257
CN,China,2014,228.7,61.69,0.296,0.722,59.34,-0.0,0.4044,82,0.7085,0.756,1.0,13.513499999999999,5.5712,45.6,0.030309
CN,China,2015,229.4,61.78,0.296,0.741,59.65,-0.0,0.3994,82,0.7528,0.74,1.0,13.410499999999999,5.5367999999999995,43.4625,0.03637
CN,China,2016,230.2,61.87,0.296,0.739,59.96,-0.0,0.3995,82,0.7702,0.75,1.0,13.2921,5.4974,41.325,0.043645
CN,China,2017,230.9,61.96,0.296,0.747,60.26,-0.0,0.3947,82,0.7766,0.755,1.0,13.155899999999999,5.452,39.1875,0.052373
CN,China,2018,231.6,62.04,0.296,0.743,60.57,-0.0,0.3939,82,0.7923,0.78,1.0,12.9993,5.3998,37.05,0.062848
CN,China,2019,232.3,62.13,0.296,0.735,60.88,-0.0,0.3988,82,0.8156,0.788,1.0,12.819199999999999,5.3397,34.9125,0.075418
CN,China,2020,233.1,62.22,0.34,0.759,61.19,0.044,0.3904,82,0.8095,0.805,1.0,12.6121,5.2707,32.775,0.090501
CN,China,2021,233.8,62.31,0.293,0.761,61.49,-0.047,0.4031,82,0.8105,0.807,1.0,12.373899999999999,5.1913,30.6375,0.108602
CN,China,2022,234.5,62.4,0.412,0.756,61.8,0.119,0.4096,82,0.8492,0.825,1.0,12.1,5.1,28.5,0.130322
DE,Germany,2004,132.0,3.2,0.986,0.006,87.0,-0.0,0.6393,29,0.1518,0.032,1.0,13.601999999999999,5.5253,41.83,0.001872
DE,Germany,2005,131.5,3.2,0.986,0.006,86.95,-0.0,0.6388,29,0.1518,0.032,1.0,13.5123,5.4841,40.495,0.002247
DE,Germany,2006,131.0,3.2,0.986,0.006,86.91,-0.0,0.6383,29,0.1518,0.031,1.0,13.409199999999998,5.4367,39.16,0.002696
DE,Germany,2007,130.5,3.2,0.986,0.006,86.86,-0.0,0.6378,29,0.1518,0.031,1.0,13.2906,5.3822,37.825,0.003236
DE,Germany,2008,130.0,3.2,0.986,0.006,86.82,-0.0,0.6373,29,0.1518,0.031,1.0,13.1542,5.3195,36.49,0.003883
DE,Germany,2009,129.6,3.2,0.986,0.006,86.77,-0.0,0.6369,29,0.1518,0.032,1.0,12.9973,5.2474,35.155,0.004659
DE,Germany,2010,129.1,3.2,0.986,0.006,86.73,-0.0,0.6364,29,0.1518,0.032,1.0,12.816899999999999,5.1645,33.82,0.005591
DE,Germany,2011,128.7,3.2,0.986,0.006,86.68,-0.0,0.6325,29,0.1518,0.032,1.0,12.609399999999999,5.0691999999999995,32.485,0.006709
DE,Germany,2012,128.2,3.2,0.986,0.006,86.64,-0.0,0.6361,29,0.1518,0.033,1.0,12.3708,4.9596,31.15,0.008051
DE,Germany,2013,127.8,3.2,0.986,0.006,86.59,-0.0,0.6349,29,0.1518,0.036,1.0,12.096499999999999,4.8335,29.815,0.009661
DE,Germany,2014,127.6,3.2,0.986,0.006,86.55,-0.0,0.6357,29,0.1518,0.036,1.0,11.780899999999999,4.6884999999999994,28.48,0.011594
DE,Germany,2015,127.5,3.2,0.986,0.006,86.5,-0.0,0.6368,29,0.1518,0.037,1.0,11.418099999999999,4.5218,27.145,0.013912
DE,Germany,2016,127.3,3.2,0.986,0.006,86.46,-0.0,0.6353,29,0.1518,0.036,1.0,11.0008,4.3301,25.81,0.016695
DE,Germany,2017,127.2,3.2,0.986,0.008,86.41,-0.0,0.6326,29,0.1518,0.038,1.0,10.5209,4.1096,24.475,0.020034
DE,Germany,2018,127.0,3.2,0.982,0.009,86.37,-0.004,0.6401,29,0.1518,0.039,0.5,9.969,3.856,23.14,0.02404
DE,Germany,2019,126.9,3.2,0.982,0.009,86.33,-0.0,0.6643,29,0.1518,0.038,0.5,9.334399999999999,3.5644,21.805,0.028848
DE,Germany,2020,126.7,3.2,0.982,0.009,86.29,-0.0,0.6651,29,0.1518,0.045,0.5,8.604499999999998,3.2291,20.47,0.034618
DE,Germany,2021,126.6,3.2,0.982,0.009,86.24,-0.0,0.6625,29,0.1518,0.046,0.5,7.765199999999999,2.8434999999999997,19.135,0.041542
DE,Germany,2022,126.4,3.2,0.982,0.009,86.2,-0.0,0.6655,29,0.1518,0.049,0.5,6.799999999999999,2.4,17.8,0.04985
DK,Denmark,2004,495.0,7.3,0.991,0.001,96.5,-0.0,0.5391,30,0.0093,0.031,1.0,13.2707,5.5657,31.02,0.007225
DK,Denmark,2005,493.5,7.3,0.991,0.001,96.45,-0.0,0.546,30,0.0093,0.031,1.0,13.1314,5.5305,30.03,0.00867
DK,Denmark,2006,492.0,7.3,0.991,0.001,96.41,-0.0,0.5529,30,0.0093,0.031,1.0,12.9711,5.4901,29.04,0.010404
DK,Denmark,2007,490.5,7.3,0.991,0.001,96.36,-0.0,0.5599,30,0.0093,0.031,1.0,12.7867,5.4436,28.05,0.012485
DK,Denmark,2008,489.0,7.3,0.991,0.001,96.32,-0.0,0.5668,30,0.0093,0.031,1.0,12.5747,5.3900999999999994,27.06,0.014982
DK,Denmark,2009,488.2,7.3,0.991,0.001,96.27,-0.0,0.5737,30,0.0093,0.031,1.0,12.3309,5.3286999999999995,26.07,0.017978
DK,Denmark,2010,487.4,7.3,0.991,0.001,96.23,-0.0,0.5806,30,0.0093,0.031,1.0,12.0506,5.258,25.08,0.021574
DK,Denmark,2011,486.6,7.3,0.991,0.001,96.18,-0.0,0.5915,30,0.0093,0.031,1.0,11.7282,5.1767,24.09,0.025889
DK,Denmark,2012,485.8,7.3,0.991,0.001,96.14,-0.0,0.582,30,0.0093,0.03,1.0,11.357399999999998,5.0832,23.1,0.031067
DK,Denmark,2013,485.0,7.3,0.991,0.001,96.09,-0.0,0.6014,30,0.0093,0.037,1.0,10.931,4.9756,22.11,0.03728
DK,Denmark,2014,484.8,7.3,0.991,0.001,96.05,-0.0,0.5814,30,0.0093,0.037,1.0,10.4406,4.852,21.12,0.044736
DK,Denmark,2015,484.6,7.3,0.991,0.001,96.0,-0.0,0.5514,30,0.0093,0.032,1.0,9.8767,4.7097999999999995,20.13,0.053683
DK,Denmark,2016,484.4,7.3,0.991,0.001,95.97,-0.0,0.5347,30,0.0093,0.033,1.0,9.2282,4.5462,19.14,0.06442
DK,Denmark,2017,484.2,7.3,0.991,0.002,95.94,-0.0,0.5296,30,0.0093,0.033,1.0,8.482499999999998,4.3582,18.15,0.077304
DK,Denmark,2018,484.0,7.3,0.991,0.002,95.91,-0.0,0.5172,30,0.0093,0.039,1.0,7.6248,4.1419,17.16,0.092764
DK,Denmark,2019,483.8,7.3,0.991,0.002,95.89,-0.0,0.524,30,0.0093,0.045,0.5,6.638599999999999,3.8931999999999998,16.17,0.111317
DK,Denmark,2020,483.6,7.3,0.991,0.003,95.86,-0.0,0.5388,30,0.0093,0.061,0.5,5.504299999999999,3.6071999999999997,15.18,0.133581
DK,Denmark,2021,483.4,7.3,0.991,0.003,95.83,-0.0,0.5724,30,0.0093,0.052,0.5,4.199999999999999,3.2782999999999998,14.19,0.160297
DK,Denmark,2022,483.2,7.3,0.991,0.002,95.8,-0.0,0.5707,30,0.0093,0.041,0.5,2.6999999999999993,2.9,13.2,0.192356
ES,Spain,2004,148.0,8.8,0.97,0.013,95.0,-0.0,0.6675,48,0.1173,0.04,1.0,13.8121,5.6869,40.42,0.00188
ES,Spain,2005,150.8,8.82,0.97,0.013,95.18,-0.0,0.6652,48,0.1173,0.04,1.0,13.754,5.6699,39.13,0.002256
ES,Spain,2006,153.5,8.84,0.97,0.013,95.36,-0.0,0.6629,48,0.1173,0.04,1.0,13.687,5.650399999999999,37.84,0.002707
ES,Spain,2007,156.2,8.87,0.97,0.013,95.55,-0.0,0.6606,48,0.1173,0.041,1.0,13.6101,5.6278999999999995,36.55,0.003248
ES,Spain,2008,159.0,8.89,0.97,0.013,95.73,-0.0,0.6583,48,0.1173,0.041,1.0,13.5216,5.6021,35.26,0.003898
ES,Spain,2009,160.0,8.91,0.97,0.013,95.91,-0.0,0.656,48,0.1059,0.041,1.0,13.419899999999998,5.5725,33.97,0.004677
ES,Spain,2010,161.0,8.93,0.978,0.012,96.09,0.008,0.6537,48,0.1059,0.041,1.0,13.3028,5.5383,32.68,0.005613
ES,Spain,2011,162.0,8.96,0.978,0.015,96.27,-0.0,0.6497,48,0.1059,0.04,1.0,13.168299999999999,5.499099999999999,31.39,0.006736
ES,Spain,2012,163.0,8.98,0.978,0.026,96.45,-0.0,0.6471,48,0.1059,0.041,1.0,13.013499999999999,5.4539,30.1,0.008083
ES,Spain,2013,164.0,9.0,0.978,0.033,96.64,-0.0,0.6467,48,0.1374,0.043,1.0,12.8355,5.402,28.81,0.009699
ES,Spain,2014,164.4,9.02,0.978,0.033,96.82,-0.0,0.6479,48,0.1374,0.044,1.0,12.630899999999999,5.3423,27.52,0.011639
ES,Spain,2015,164.7,9.04,0.978,0.033,97.0,-0.0,0.6562,48,0.1374,0.051,1.0,12.395499999999998,5.2737,26.23,0.013967
ES,Spain,2016,165.1,9.07,0.978,0.028,97.01,-0.0,0.6477,48,0.1374,0.051,1.0,12.124799999999999,5.1947,24.94,0.01676
ES,Spain,2017,165.4,9.09,0.978,0.03,97.03,-0.0,0.6473,48,0.172,0.054,1.0,11.8136,5.104,23.65,0.020112
ES,Spain,2018,165.8,9.11,0.978,0.023,97.04,-0.0,0.6548,48,0.1633,0.051,1.0,11.455599999999999,4.999499999999999,22.36,0.024135
ES,Spain,2019,166.1,9.13,0.978,0.018,97.06,-0.0,0.6693,48,0.1566,0.047,1.0,11.043899999999999,4.8795,21.07,0.028962
ES,Spain,2020,166.5,9.16,0.978,0.016,97.07,-0.0,0.6664,48,0.1422,0.058,1.0,10.5705,4.7414,19.78,0.034754
ES,Spain,2021,166.8,9.18,0.952,0.02,97.09,-0.026,0.6629,48,0.1934,0.062,1.0,10.0261,4.582599999999999,18.49,0.041705
ES,Spain,2022,167.2,9.2,0.952,0.026,97.1,-0.0,0.6748,48,0.174,0.049,1.0,9.399999999999999,4.4,17.2,0.050046
FR,France,2004,102.0,7.1,0.952,0.039,87.5,-0.0,0.6701,45,0.1439,0.047,1.0,13.7717,5.5737,45.355,0.001174
FR,France,2005,101.5,7.11,0.952,0.035,87.45,-0.0,0.6685,45,0.1439,0.047,1.0,13.7075,5.5398,43.9075,0.001409
FR,France,2006,101.1,7.12,0.952,0.035,87.39,-0.0,0.6669,45,0.1439,0.047,1.0,13.6336,5.5008,42.46,0.001691
FR,France,2007,100.7,7.13,0.952,0.035,87.34,-0.0,0.6653,45,0.1439,0.047,1.0,13.5487,5.4559,41.0125,0.002029
FR,France,2008,100.2,7.14,0.952,0.035,87.28,-0.0,0.6637,45,0.1439,0.047,1.0,13.450999999999999,5.4043,39.565,0.002435
FR,France,2009,99.9,7.16,0.952,0.034,87.23,-0.0,0.6622,45,0.1439,0.047,1.0,13.3386,5.3449,38.1175,0.002922
FR,France,2010,99.6,7.17,0.952,0.034,87.17,-0.0,0.6606,45,0.1439,0.047,1.0,13.209399999999999,5.2767,36.67,0.003506
FR,France,2011,99.4,7.18,0.952,0.034,87.12,-0.0,0.6595,45,0.1439,0.047,1.0,13.060799999999999,5.1982,35.2225,0.004208
FR,France,2012,99.1,7.19,0.954,0.034,87.06,0.002,0.6545,45,0.1439,0.049,1.0,12.889899999999999,5.1079,33.775,0.005049
FR,France,2013,98.8,7.2,0.954,0.035,87.01,-0.0,0.6558,45,0.1439,0.049,1.0,12.693399999999999,5.004099999999999,32.3275,0.006059
FR,France,2014,98.7,7.21,0.954,0.035,86.95,-0.0,0.6561,45,0.1534,0.052,1.0,12.4674,4.8847,30.88,0.007271
FR,France,2015,98.7,7.22,0.954,0.035,86.9,-0.0,0.6497,45,0.1534,0.055,1.0,12.2075,4.7474,29.4325,0.008725
FR,France,2016,98.6,7.23,0.954,0.035,86.87,-0.0,0.6514,45,0.1534,0.055,1.0,11.9087,4.5895,27.985,0.01047
FR,France,2017,98.6,7.24,0.954,0.035,86.84,-0.0,0.6436,45,0.1534,0.053,1.0,11.565,4.4079,26.5375,0.012564
FR,France,2018,98.5,7.26,0.954,0.043,86.81,-0.0,0.646,45,0.1534,0.054,0.5,11.169699999999999,4.1991,25.09,0.015076
FR,France,2019,98.5,7.27,0.925,0.043,86.79,-0.029,0.6623,45,0.1289,0.058,0.5,10.7152,3.9589999999999996,23.6425,0.018092
FR,France,2020,98.4,7.28,0.946,0.043,86.76,0.021,0.6589,45,0.1823,0.085,0.5,10.1924,3.6828,22.195,0.02171
FR,France,2021,98.4,7.29,0.922,0.047,86.73,-0.024,0.6511,45,0.1823,0.084,0.5,9.5913,3.3651999999999997,20.7475,0.026052
FR,France,2022,98.3,7.3,0.951,0.041,86.7,0.029,0.6584,45,0.2175,0.081,0.5,8.899999999999999,3.0,19.3,0.031262
GB,United Kingdom,2004,82.0,5.0,0.945,0.022,80.0,-0.0,0.5954,27,0.1249,0.064,1.0,13.2546,5.4605999999999995,37.365,0.002422
GB,United Kingdom,2005,81.8,5.01,0.945,0.022,79.97,-0.0,0.5945,27,0.1249,0.064,1.0,13.1128,5.4097,36.1725,0.002906
GB,United Kingdom,2006,81.5,5.01,0.945,0.022,79.95,-0.0,0.5936,27,0.1249,0.063,1.0,12.9497,5.3511999999999995,34.98,0.003488
GB,United Kingdom,2007,81.2,5.02,0.945,0.024,79.92,-0.0,0.5927,27,0.1249,0.063,1.0,12.7621,5.283799999999999,33.7875,0.004185
GB,United Kingdom,2008,81.0,5.02,0.945,0.024,79.89,-0.0,0.5918,27,0.1249,0.063,1.0,12.5465,5.2063999999999995,32.595,0.005022
GB,United Kingdom,2009,80.8,5.03,0.945,0.024,79.86,-0.0,0.591,27,0.1249,0.063,1.0,12.298399999999999,5.1174,31.4025,0.006027
GB,United Kingdom,2010,80.6,5.03,0.945,0.025,79.84,-0.0,0.5901,27,0.1249,0.064,1.0,12.0132,5.015,30.21,0.007232
GB,United Kingdom,2011,80.4,5.04,0.945,0.025,79.81,-0.0,0.5902,27,0.1249,0.064,1.0,11.685199999999998,4.8972,29.0175,0.008678
GB,United Kingdom,2012,80.2,5.04,0.945,0.025,79.78,-0.0,0.591,27,0.1249,0.073,1.0,11.3079,4.7618,27.825,0.010414
GB,United Kingdom,2013,80.0,5.05,0.945,0.024,79.75,-0.0,0.5874,27,0.1249,0.093,1.0,10.874099999999999,4.6061,26.6325,0.012497
GB,United Kingdom,2014,79.9,5.06,0.945,0.024,79.73,-0.0,0.5835,27,0.1249,0.094,1.0,10.3752,4.427,25.44,0.014996
GB,United Kingdom,2015,79.8,5.06,0.945,0.024,79.7,-0.0,0.5881,27,0.1249,0.094,1.0,9.801499999999999,4.2211,24.2475,0.017995
GB,United Kingdom,2016,79.7,5.07,0.945,0.024,79.64,-0.0,0.5911,27,0.1249,0.094,1.0,9.1418,3.9841999999999995,23.055,0.021594
GB,United Kingdom,2017,79.6,5.07,0.945,0.02,79.59,-0.0,0.5863,27,0.1249,0.089,1.0,8.383,3.7119,21.8625,0.025913
GB,United Kingdom,2018,79.5,5.08,0.945,0.02,79.53,-0.0,0.5859,27,0.1249,0.081,0.5,7.5104999999999995,3.3985999999999996,20.67,0.031096
GB,United Kingdom,2019,79.4,5.08,0.95,0.028,79.47,0.005,0.5896,27,0.1249,0.088,0.5,6.507099999999999,3.0383999999999998,19.4775,0.037315
GB,United Kingdom,2020,79.3,5.09,0.908,0.032,79.41,-0.042,0.5825,27,0.1249,0.103,0.5,5.3530999999999995,2.6241999999999996,18.285,0.044778
GB,United Kingdom,2021,79.2,5.09,0.906,0.04,79.36,-0.002,0.5962,27,0.1249,0.116,0.5,4.0261,2.1477999999999997,17.0925,0.053734
GB,United Kingdom,2022,79.1,5.1,0.919,0.038,79.3,0.013,0.5936,27,0.1249,0.111,0.5,2.5,1.5999999999999996,15.9,0.06448
IN,India,2004,8.5,28.5,0.777,0.411,3.2,-0.0,0.189,71,0.1903,0.255,1.0,14.103,5.7758,33.37,0.001731
IN,India,2005,8.7,29.23,0.792,0.411,3.3,0.015,0.1893,71,0.2458,0.257,1.0,14.0885,5.7721,32.305,0.002077
IN,India,2006,8.9,29.95,0.792,0.411,3.4,-0.0,0.1896,71,0.2458,0.254,1.0,14.0718,5.7679,31.24,0.002493
IN,India,2007,9.1,30.67,0.792,0.411,3.5,-0.0,0.1898,71,0.2458,0.254,1.0,14.052499999999998,5.7631,30.175,0.002991
IN,India,2008,9.3,31.4,0.792,0.411,3.6,-0.0,0.1901,71,0.2458,0.254,1.0,14.030399999999998,5.7576,29.11,0.003589
IN,India,2009,9.5,31.45,0.792,0.411,3.64,-0.0,0.1904,71,0.2458,0.261,1.0,14.004999999999999,5.7512,28.045,0.004307
IN,India,2010,9.7,31.5,0.792,0.402,3.67,-0.0,0.1906,71,0.2458,0.262,1.0,13.9757,5.7439,26.98,0.005169
IN,India,2011,9.9,31.55,0.792,0.4,3.71,-0.0,0.1902,71,0.2458,0.262,1.0,13.9421,5.7355,25.915,0.006202
IN,India,2012,10.1,31.6,0.792,0.398,3.74,-0.0,0.1952,71,0.2455,0.269,1.0,13.9034,5.7258,24.85,0.007443
IN,India,2013,10.3,31.65,0.792,0.394,3.78,-0.0,0.1914,71,0.2484,0.251,1.0,13.858899999999998,5.7147,23.785,0.008931
IN,India,2014,10.4,31.7,0.761,0.407,3.81,-0.031,0.199,71,0.3159,0.275,1.0,13.807699999999999,5.7019,22.72,0.010718
IN,India,2015,10.4,31.75,0.761,0.455,3.85,-0.0,0.2124,71,0.3571,0.327,1.0,13.748899999999999,5.6872,21.655,0.012861
IN,India,2016,10.5,31.8,0.761,0.465,3.89,-0.0,0.2137,71,0.3571,0.36,1.0,13.681199999999999,5.6703,20.59,0.015434
IN,India,2017,10.5,31.85,0.761,0.492,3.92,-0.0,0.2179,71,0.3666,0.377,1.0,13.603399999999999,5.6508,19.525,0.01852
IN,India,2018,10.6,31.9,0.761,0.503,3.96,-0.0,0.233,71,0.3726,0.372,1.0,13.5139,5.6285,18.46,0.022224
IN,India,2019,10.6,31.95,0.757,0.497,3.99,-0.004,0.2416,71,0.3611,0.423,1.0,13.411,5.6027,17.395,0.026669
IN,India,2020,10.7,32.0,0.715,0.542,4.03,-0.042,0.2547,71,0.3945,0.451,1.0,13.2926,5.5732,16.33,0.032003
IN,India,2021,10.7,32.05,0.695,0.561,4.06,-0.02,0.2626,71,0.3958,0.404,1.0,13.1565,5.5390999999999995,15.265,0.038404
IN,India,2022,10.8,32.1,0.689,0.575,4.1,-0.006,0.2678,71,0.3958,0.437,1.0,13.0,5.5,14.2,0.046084
IT,Italy,2004,93.0,6.7,0.973,0.129,84.5,-0.0,0.6128,52,0.1227,0.066,1.0,13.828299999999999,5.702999999999999,39.715,0.001159
IT,Italy,2005,92.5,6.71,0.973,0.129,84.44,-0.0,0.6089,52,0.0506,0.064,1.0,13.772499999999999,5.6884999999999994,38.4475,0.00139
IT,Italy,2006,92.1,6.71,0.973,0.101,84.37,-0.0,0.6051,52,0.0506,0.063,1.0,13.7084,5.6718,37.18,0.001668
IT,Italy,2007,91.7,6.72,0.973,0.1,84.31,-0.0,0.6013,52,0.0506,0.062,1.0,13.634699999999999,5.6525,35.9125,0.002002
IT,Italy,2008,91.2,6.72,0.973,0.132,84.25,-0.0,0.5975,52,0.0738,0.068,1.0,13.5499,5.6304,34.645,0.002402
IT,Italy,2009,90.9,6.73,0.973,0.133,84.18,-0.0,0.5937,52,0.0505,0.064,1.0,13.452399999999999,5.6049999999999995,33.3775,0.002883
IT,Italy,2010,90.5,6.73,0.973,0.116,84.12,-0.0,0.5898,52,0.0505,0.063,1.0,13.3402,5.575699999999999,32.11,0.00346
IT,Italy,2011,90.2,6.74,0.973,0.098,84.05,-0.0,0.5878,52,0.0505,0.063,1.0,13.2113,5.5421,30.8425,0.004151
IT,Italy,2012,89.8,6.74,0.973,0.099,83.99,-0.0,0.5884,52,0.0505,0.061,1.0,13.062999999999999,5.5034,29.575,0.004982
IT,Italy,2013,89.5,6.75,0.973,0.107,83.93,-0.0,0.5784,52,0.0505,0.076,1.0,12.892399999999999,5.4589,28.3075,0.005978
IT,Italy,2014,89.4,6.76,0.973,0.107,83.86,-0.0,0.5741,52,0.0505,0.076,1.0,12.696299999999999,5.4077,27.04,0.007174
IT,Italy,2015,89.3,6.76,0.973,0.107,83.8,-0.0,0.5612,52,0.0505,0.076,1.0,12.470699999999999,5.3488999999999995,25.7725,0.008608
IT,Italy,2016,89.2,6.77,0.973,0.107,83.74,-0.0,0.5573,52,0.0505,0.073,1.0,12.2113,5.2812,24.505,0.01033
IT,Italy,2017,89.1,6.77,0.973,0.093,83.69,-0.0,0.5647,52,0.0505,0.065,1.0,11.913,5.2034,23.2375,0.012396
IT,Italy,2018,89.1,6.78,0.973,0.1,83.63,-0.0,0.5728,52,0.0505,0.069,1.0,11.569899999999999,5.1139,21.97,0.014875
IT,Italy,2019,89.0,6.78,0.973,0.1,83.57,-0.0,0.5919,52,0.0505,0.066,1.0,11.1754,5.011,20.7025,0.017851
IT,Italy,2020,88.9,6.79,0.973,0.105,83.51,-0.0,0.5933,52,0.0923,0.09,1.0,10.721699999999998,4.8926,19.435,0.021421
IT,Italy,2021,88.8,6.79,0.973,0.098,83.46,-0.0,0.594,52,0.0923,0.087,1.0,10.2,4.7565,18.1675,0.025705
IT,Italy,2022,88.7,6.8,0.973,0.098,83.4,-0.0,0.603,52,0.1278,0.076,1.0,9.6,4.6,16.9,0.030846
JP,Japan,2004,55.0,35.0,0.971,0.043,51.8,-0.0,0.45,65,0.2591,0.06,1.0,13.8929,5.6303,50.29,0.003453
JP,Japan,2005,54.8,35.7,0.971,0.043,51.75,-0.0,0.45,65,0.2591,0.06,1.0,13.8469,5.6049,48.685,0.004144
JP,Japan,2006,54.5,36.4,0.971,0.043,51.71,-0.0,0.45,65,0.2591,0.06,1.0,13.793899999999999,5.5756,47.08,0.004973
JP,Japan,2007,54.2,37.1,0.971,0.043,51.66,-0.0,0.45,65,0.2591,0.06,1.0,13.732999999999999,5.5419,45.475,0.005967
JP,Japan,2008,54.0,37.8,0.971,0.043,51.62,-0.0,0.45,65,0.2591,0.059,1.0,13.662999999999998,5.5032,43.87,0.007161
JP,Japan,2009,53.8,37.83,0.971,0.043,51.57,-0.0,0.45,65,0.2591,0.058,1.0,13.5824,5.458699999999999,42.265,0.008593
JP,Japan,2010,53.6,37.86,0.971,0.043,51.53,-0.0,0.45,65,0.2591,0.058,1.0,13.489799999999999,5.4075,40.66,0.010311
JP,Japan,2011,53.3,37.89,0.971,0.043,51.48,-0.0,0.45,65,0.2591,0.058,1.0,13.383199999999999,5.348599999999999,39.055,0.012374
JP,Japan,2012,53.1,37.91,0.971,0.043,51.44,-0.0,0.45,65,0.2591,0.058,1.0,13.2607,5.2809,37.45,0.014849
JP,Japan,2013,52.9,37.94,0.971,0.045,51.39,-0.0,0.45,65,0.2591,0.069,1.0,13.1198,5.202999999999999,35.845,0.017818
JP,Japan,2014,52.8,37.97,0.971,0.049,51.35,-0.0,0.45,65,0.2591,0.069,1.0,12.957799999999999,5.1135,34.24,0.021382
JP,Japan,2015,52.8,38.0,0.971,0.048,51.3,-0.0,0.45,65,0.2508,0.069,1.0,12.7714,5.0104999999999995,32.635,0.025658
JP,Japan,2016,52.7,38.03,0.971,0.052,51.27,-0.0,0.45,65,0.2508,0.069,1.0,12.5572,4.8921,31.03,0.03079
JP,Japan,2017,52.6,38.06,0.971,0.052,51.24,-0.0,0.45,65,0.2508,0.07,1.0,12.310699999999999,4.7559,29.425,0.036948
JP,Japan,2018,52.6,38.09,0.971,0.052,51.21,-0.0,0.45,65,0.2072,0.062,1.0,12.0273,4.5992999999999995,27.82,0.044338
JP,Japan,2019,52.5,38.11,0.971,0.052,51.19,-0.0,0.45,65,0.2118,0.064,0.5,11.7014,4.4192,26.215,0.053205
JP,Japan,2020,52.4,38.14,0.971,0.051,51.16,-0.0,0.45,65,0.2118,0.088,0.5,11.326699999999999,4.2120999999999995,24.61,0.063846
JP,Japan,2021,52.4,38.17,0.971,0.05,51.13,-0.0,0.45,65,0.2118,0.089,0.5,10.8957,3.9738999999999995,23.005,0.076615
JP,Japan,2022,52.3,38.2,0.971,0.05,51.1,-0.0,0.45,65,0.2118,0.075,0.5,10.399999999999999,3.6999999999999997,21.4,0.091938
KE,Kenya,2004,35.0,10.5,0.648,0.618,15.0,-0.0,0.3659,78,0.2418,0.369,1.0,14.1677,5.7919,22.09,0.001325
KE,Kenya,2005,35.9,10.75,0.648,0.584,15.25,-0.0,0.3564,78,0.2418,0.371,1.0,14.162799999999999,5.7907,21.385,0.00159
KE,Kenya,2006,36.8,11.0,0.648,0.584,15.5,-0.0,0.347,78,0.2417,0.373,1.0,14.1573,5.7893,20.68,0.001908
KE,Kenya,2007,37.6,11.25,0.648,0.585,15.75,-0.0,0.3375,78,0.2417,0.398,1.0,14.150799999999998,5.7877,19.975,0.002289
KE,Kenya,2008,38.5,11.5,0.648,0.572,16.0,-0.0,0.3281,78,0.2417,0.376,1.0,14.1435,5.7859,19.27,0.002747
KE,Kenya,2009,39.0,11.56,0.648,0.568,16.09,-0.0,0.3187,78,0.2417,0.364,1.0,14.135,5.7837,18.565,0.003297
KE,Kenya,2010,39.5,11.61,0.686,0.411,16.19,0.038,0.3092,78,0.2065,0.335,1.0,14.1252,5.7813,17.86,0.003956
KE,Kenya,2011,40.0,11.67,0.686,0.407,16.28,-0.0,0.2942,78,0.2065,0.335,1.0,14.113999999999999,5.7785,17.155,0.004747
KE,Kenya,2012,40.5,11.73,0.686,0.404,16.37,-0.0,0.2782,78,0.2065,0.335,1.0,14.101099999999999,5.7753,16.45,0.005697
KE,Kenya,2013,41.0,11.79,0.686,0.397,16.46,-0.0,0.2809,78,0.2187,0.311,1.0,14.0863,5.771599999999999,15.745,0.006836
KE,Kenya,2014,41.1,11.84,0.686,0.394,16.56,-0.0,0.2704,78,0.222,0.313,1.0,14.069199999999999,5.7673,15.04,0.008203
KE,Kenya,2015,41.2,11.9,0.686,0.394,16.65,-0.0,0.2704,78,0.222,0.313,1.0,14.0496,5.7623999999999995,14.335,0.009844
KE,Kenya,2016,41.4,11.96,0.686,0.4,16.74,-0.0,0.2906,78,0.2444,0.318,1.0,14.027099999999999,5.7568,13.63,0.011813
KE,Kenya,2017,41.5,12.01,0.686,0.389,16.84,-0.0,0.283,78,0.2376,0.358,1.0,14.0011,5.7503,12.925,0.014176
KE,Kenya,2018,41.6,12.07,0.686,0.387,16.93,-0.0,0.2822,78,0.2679,0.337,1.0,13.9713,5.7428,12.22,0.017011
KE,Kenya,2019,41.7,12.13,0.722,0.367,17.02,0.036,0.2568,78,0.2679,0.338,1.0,13.937,5.7341999999999995,11.515,0.020413
KE,Kenya,2020,41.9,12.19,0.697,0.372,17.11,-0.025,0.2552,78,0.2679,0.318,1.0,13.897499999999999,5.7244,10.81,0.024495
KE,Kenya,2021,42.0,12.24,0.733,0.286,17.21,0.036,0.2622,78,0.1915,0.27,1.0,13.8522,5.713,10.105,0.029394
KE,Kenya,2022,42.1,12.3,0.695,0.302,17.3,-0.038,0.2497,78,0.1626,0.26,1.0,13.799999999999999,5.7,9.4,0.035273
KR,South Korea,2004,65.0,30.0,0.952,0.049,61.0,-0.0,0.1627,69,0.2419,0.067,1.0,13.8606,5.654599999999999,55.695,0.00618
KR,South Korea,2005,65.5,30.95,0.952,0.049,61.3,-0.0,0.1661,69,0.2419,0.067,1.0,13.8097,5.6327,53.9175,0.007417
KR,South Korea,2006,66.0,31.9,0.952,0.049,61.6,-0.0,0.1696,69,0.2419,0.067,1.0,13.751199999999999,5.6076,52.14,0.0089
KR,South Korea,2007,66.5,32.85,0.952,0.05,61.9,-0.0,0.173,69,0.2419,0.068,1.0,13.6838,5.5788,50.3625,0.01068
KR,South Korea,2008,67.0,33.8,0.919,0.093,62.2,-0.033,0.1764,69,0.2532,0.103,1.0,13.606399999999999,5.545599999999999,48.585,0.012816
KR,South Korea,2009,67.5,33.93,0.919,0.093,62.29,-0.0,0.1799,69,0.2532,0.104,1.0,13.517399999999999,5.5074,46.8075,0.015379
KR,South Korea,2010,68.0,34.06,0.919,0.094,62.37,-0.0,0.1833,69,0.2532,0.103,1.0,13.415,5.4636,45.03,0.018455
KR,South Korea,2011,68.5,34.19,0.919,0.094,62.46,-0.0,0.1831,69,0.2532,0.103,1.0,13.2972,5.4131,43.2525,0.022146
KR,South Korea,2012,69.0,34.31,0.919,0.102,62.54,-0.0,0.1854,69,0.2532,0.103,1.0,13.1618,5.3551,41.475,0.026575
KR,South Korea,2013,69.5,34.44,0.919,0.134,62.63,-0.0,0.1936,69,0.2689,0.114,1.0,13.0061,5.2883,39.6975,0.03189
KR,South Korea,2014,69.7,34.57,0.919,0.134,62.71,-0.0,0.1934,69,0.2689,0.119,1.0,12.827,5.2116,37.92,0.038268
KR,South Korea,2015,69.9,34.7,0.919,0.157,62.8,-0.0,0.1971,69,0.2689,0.114,1.0,12.621099999999998,5.1232999999999995,36.1425,0.045921
KR,South Korea,2016,70.1,34.83,0.919,0.157,62.89,-0.0,0.2014,69,0.2689,0.114,1.0,12.3842,5.0218,34.365,0.055106
KR,South Korea,2017,70.3,34.96,0.956,0.047,62.97,0.037,0.2008,69,0.255,0.068,1.0,12.111899999999999,4.9051,32.5875,0.066127
KR,South Korea,2018,70.6,35.09,0.966,0.05,63.06,0.01,0.2067,69,0.2232,0.067,1.0,11.798599999999999,4.7707999999999995,30.81,0.079352
KR,South Korea,2019,70.8,35.21,0.974,0.049,63.14,0.008,0.2142,69,0.2859,0.074,0.5,11.4384,4.6165,29.0325,0.095223
KR,South Korea,2020,71.0,35.34,0.974,0.048,63.23,-0.0,0.2177,69,0.2859,0.075,0.5,11.024199999999999,4.4389,27.255,0.114267
KR,South Korea,2021,71.2,35.47,0.974,0.064,63.31,-0.0,0.2211,69,0.2859,0.069,0.5,10.547799999999999,4.2348,25.4775,0.137121
KR,South Korea,2022,71.4,35.6,0.943,0.063,63.4,-0.031,0.2246,69,0.2641,0.087,0.5,10.0,4.0,23.7,0.164545
MX,Mexico,2004,82.0,8.2,0.704,0.41,60.0,-0.0,0.5503,65,0.2986,0.287,1.0,14.111099999999999,5.7758,31.96,0.00054
MX,Mexico,2005,83.5,8.38,0.704,0.41,60.45,-0.0,0.5492,65,0.2986,0.287,1.0,14.0978,5.7721,30.94,0.000648
MX,Mexico,2006,84.9,8.55,0.696,0.404,60.9,-0.008,0.5481,65,0.2986,0.315,1.0,14.0824,5.7679,29.92,0.000777
MX,Mexico,2007,86.3,8.72,0.696,0.415,61.35,-0.0,0.547,65,0.3029,0.304,1.0,14.0648,5.7631,28.9,0.000932
MX,Mexico,2008,87.8,8.9,0.696,0.414,61.8,-0.0,0.546,65,0.3029,0.307,1.0,14.0445,5.7576,27.88,0.001119
MX,Mexico,2009,88.7,8.91,0.696,0.414,61.92,-0.0,0.5449,65,0.3029,0.305,1.0,14.021199999999999,5.7512,26.86,0.001343
MX,Mexico,2010,89.7,8.93,0.696,0.414,62.04,-0.0,0.5438,65,0.2911,0.316,1.0,13.994399999999999,5.7439,25.84,0.001611
MX,Mexico,2011,90.6,8.94,0.696,0.414,62.16,-0.0,0.5411,65,0.2911,0.314,1.0,13.9636,5.7355,24.82,0.001934
MX,Mexico,2012,91.6,8.96,0.696,0.442,62.29,-0.0,0.5357,65,0.2911,0.31,1.0,13.928099999999999,5.7258,23.8,0.00232
MX,Mexico,2013,92.5,8.97,0.688,0.523,62.41,-0.008,0.5405,65,0.3472,0.319,1.0,13.8873,5.7147,22.78,0.002784
MX,Mexico,2014,92.9,8.99,0.688,0.523,62.53,-0.0,0.5375,65,0.3472,0.326,1.0,13.840399999999999,5.7019,21.76,0.003341
MX,Mexico,2015,93.2,9.0,0.688,0.511,62.65,-0.0,0.5459,65,0.3472,0.308,1.0,13.7865,5.6872,20.74,0.004009
MX,Mexico,2016,93.6,9.01,0.688,0.511,62.77,-0.0,0.5489,65,0.3472,0.311,1.0,13.7244,5.6703,19.72,0.004811
MX,Mexico,2017,94.0,9.03,0.688,0.517,62.89,-0.0,0.5483,65,0.3204,0.298,1.0,13.653099999999998,5.6508,18.7,0.005774
MX,Mexico,2018,94.3,9.04,0.688,0.516,63.01,-0.0,0.5554,65,0.2897,0.276,1.0,13.5711,5.6285,17.68,0.006928
MX,Mexico,2019,94.7,9.06,0.721,0.484,63.14,0.033,0.5554,65,0.2539,0.288,1.0,13.4767,5.6027,16.66,0.008314
MX,Mexico,2020,95.1,9.07,0.72,0.503,63.26,-0.001,0.5552,65,0.2952,0.302,1.0,13.3682,5.5732,15.64,0.009977
MX,Mexico,2021,95.4,9.09,0.698,0.522,63.38,-0.022,0.5655,65,0.3651,0.323,1.0,13.2435,5.5390999999999995,14.62,0.011972
MX,Mexico,2022,95.8,9.1,0.638,0.565,63.5,-0.06,0.5752,65,0.3841,0.334,1.0,13.1,5.5,13.6,0.014367
NG,Nigeria,2004,14.0,13.0,0.29,0.769,7.0,-0.0,0.1545,85,0.2061,0.359,1.0,14.1838,5.796,19.27,0.000157
NG,Nigeria,2005,14.4,13.45,0.277,0.769,7.2,-0.013,0.1539,85,0.2061,0.359,1.0,14.1814,5.7954,18.655,0.000189
NG,Nigeria,2006,14.9,13.9,0.277,0.769,7.4,-0.0,0.1533,85,0.2061,0.361,1.0,14.1786,5.7947,18.04,0.000227
NG,Nigeria,2007,15.4,14.35,0.274,0.76,7.6,-0.003,0.1527,85,0.2061,0.36,1.0,14.1754,5.7939,17.425,0.000272
NG,Nigeria,2008,15.8,14.8,0.274,0.756,7.8,-0.0,0.1521,85,0.1984,0.358,1.0,14.1717,5.7928999999999995,16.81,0.000326
NG,Nigeria,2009,16.1,14.83,0.275,0.756,7.85,0.001,0.1515,85,0.1984,0.355,1.0,14.167499999999999,5.7919,16.195,0.000392
NG,Nigeria,2010,16.4,14.86,0.275,0.771,7.9,-0.0,0.1509,85,0.1758,0.354,1.0,14.1626,5.7907,15.58,0.00047
NG,Nigeria,2011,16.6,14.89,0.27,0.773,7.95,-0.005,0.1556,85,0.1773,0.354,1.0,14.157,5.7893,14.965,0.000564
NG,Nigeria,2012,16.9,14.91,0.27,0.773,8.0,-0.0,0.1448,85,0.1773,0.353,1.0,14.150599999999999,5.787599999999999,14.35,0.000677
NG,Nigeria,2013,17.2,14.94,0.27,0.749,8.05,-0.0,0.149,85,0.1688,0.347,1.0,14.143099999999999,5.7858,13.735,0.000812
NG,Nigeria,2014,17.3,14.97,0.27,0.745,8.1,-0.0,0.1504,85,0.1688,0.346,1.0,14.134599999999999,5.7837,13.12,0.000974
NG,Nigeria,2015,17.4,15.0,0.27,0.725,8.15,-0.0,0.1402,85,0.1688,0.357,1.0,14.124799999999999,5.7812,12.505,0.001169
NG,Nigeria,2016,17.6,15.03,0.27,0.718,8.2,-0.0,0.1269,85,0.1688,0.348,1.0,14.1135,5.7783999999999995,11.89,0.001403
NG,Nigeria,2017,17.7,15.06,0.27,0.706,8.25,-0.0,0.1227,85,0.1688,0.352,1.0,14.1006,5.7751,11.275,0.001684
NG,Nigeria,2018,17.8,15.09,0.27,0.736,8.3,-0.0,0.1226,85,0.1688,0.351,1.0,14.0856,5.7714,10.66,0.00202
NG,Nigeria,2019,17.9,15.11,0.274,0.732,8.35,0.004,0.1211,85,0.1688,0.36,1.0,14.068499999999998,5.7671,10.045,0.002424
NG,Nigeria,2020,18.1,15.14,0.266,0.751,8.4,-0.008,0.1238,85,0.213,0.349,1.0,14.0488,5.7622,9.43,0.002909
NG,Nigeria,2021,18.2,15.17,0.279,0.774,8.45,0.013,0.1202,85,0.2455,0.346,1.0,14.0261,5.7565,8.815,0.003491
NG,Nigeria,2022,18.3,15.2,0.283,0.758,8.5,0.004,0.1168,85,0.2464,0.349,1.0,14.0,5.75,8.2,0.004189
NL,Netherlands,2004,255.0,3.9,0.975,0.015,78.5,-0.0,0.5295,26,0.3152,0.05,1.0,13.222299999999999,5.4849,34.31,0.004978
NL,Netherlands,2005,253.9,3.91,0.975,0.015,78.45,-0.0,0.538,26,0.3152,0.05,1.0,13.0756,5.4376,33.215,0.005974
NL,Netherlands,2006,252.8,3.92,0.975,0.015,78.41,-0.0,0.5465,26,0.3152,0.05,1.0,12.9069,5.3831999999999995,32.12,0.007169
NL,Netherlands,2007,251.6,3.93,0.975,0.015,78.36,-0.0,0.5551,26,0.3152,0.051,1.0,12.713,5.3206999999999995,31.025,0.008603
NL,Netherlands,2008,250.5,3.94,0.975,0.015,78.32,-0.0,0.5636,26,0.3152,0.051,1.0,12.489899999999999,5.2488,29.93,0.010323
NL,Netherlands,2009,250.2,3.96,0.975,0.015,78.27,-0.0,0.5721,26,0.3152,0.051,1.0,12.2334,5.1661,28.835,0.012388
NL,Netherlands,2010,249.8,3.97,0.981,0.015,78.23,0.006,0.5806,26,0.3152,0.055,1.0,11.9384,5.0710999999999995,27.74,0.014865
NL,Netherlands,2011,249.5,3.98,0.981,0.015,78.18,-0.0,0.6517,26,0.3152,0.055,1.0,11.5992,4.9616999999999996,26.645,0.017839
NL,Netherlands,2012,249.1,3.99,0.981,0.015,78.14,-0.0,0.5954,26,0.3152,0.059,1.0,11.2091,4.836,25.55,0.021406
NL,Netherlands,2013,248.8,4.0,0.981,0.019,78.09,-0.0,0.6061,26,0.3152,0.057,1.0,10.760399999999999,4.6914,24.455,0.025688
NL,Netherlands,2014,248.7,4.01,0.981,0.019,78.05,-0.0,0.5918,26,0.3152,0.059,1.0,10.244499999999999,4.5251,23.36,0.030825
NL,Netherlands,2015,248.6,4.02,0.981,0.018,78.0,-0.0,0.5728,26,0.3152,0.061,1.0,9.6512,4.3338,22.265,0.03699
NL,Netherlands,2016,248.6,4.03,0.981,0.018,77.97,-0.0,0.5957,26,0.3152,0.061,1.0,8.968799999999998,4.1139,21.17,0.044388
NL,Netherlands,2017,248.5,4.04,0.981,0.015,77.94,-0.0,0.5748,26,0.3152,0.056,1.0,8.1842,3.8609999999999998,20.075,0.053266
NL,Netherlands,2018,248.4,4.06,0.981,0.018,77.91,-0.0,0.5894,26,0.2563,0.057,0.5,7.2818,3.5702,18.98,0.063919
NL,Netherlands,2019,248.3,4.07,0.981,0.013,77.89,-0.0,0.593,26,0.27,0.064,0.5,6.2440999999999995,3.2357,17.885,0.076703
NL,Netherlands,2020,248.3,4.08,0.984,0.016,77.86,0.003,0.5731,26,0.27,0.069,0.5,5.050699999999999,2.851,16.79,0.092043
NL,Netherlands,2021,248.2,4.09,0.978,0.018,77.83,-0.006,0.572,26,0.2484,0.071,0.5,3.6783,2.4086999999999996,15.695,0.110452
NL,Netherlands,2022,248.1,4.1,0.959,0.021,77.8,-0.019,0.5895,26,0.2748,0.073,0.5,2.0999999999999996,1.9,14.6,0.132542
NZ,New Zealand,2004,238.0,4.3,0.963,0.008,109.5,-0.0,0.5485,35,0.1616,0.037,1.0,13.561599999999999,5.6141,38.305,0.005772
NZ,New Zealand,2005,239.4,4.31,0.963,0.008,109.45,-0.0,0.547,35,0.1616,0.037,1.0,13.4659,5.5863,37.0825,0.006926
NZ,New Zealand,2006,240.8,4.32,0.963,0.008,109.39,-0.0,0.5456,35,0.1616,0.037,1.0,13.355799999999999,5.5542,35.86,0.008311
NZ,New Zealand,2007,242.1,4.33,0.963,0.008,109.34,-0.0,0.5441,35,0.1616,0.037,1.0,13.229099999999999,5.5173,34.6375,0.009973
NZ,New Zealand,2008,243.5,4.34,0.963,0.008,109.28,-0.0,0.5427,35,0.1616,0.037,1.0,13.083499999999999,5.4749,33.415,0.011968
NZ,New Zealand,2009,243.9,4.36,0.963,0.008,109.23,-0.0,0.5412,35,0.1616,0.037,1.0,12.915999999999999,5.4262,32.1925,0.014362
NZ,New Zealand,2010,244.3,4.37,0.963,0.008,109.17,-0.0,0.5398,35,0.1616,0.037,1.0,12.7234,5.3701,30.97,0.017234
NZ,New Zealand,2011,244.7,4.38,0.963,0.008,109.12,-0.0,0.5416,35,0.1616,0.037,1.0,12.5019,5.3056,29.7475,0.020681
NZ,New Zealand,2012,245.1,4.39,0.963,0.008,109.06,-0.0,0.5459,35,0.1616,0.037,1.0,12.2472,5.2315,28.525,0.024817
NZ,New Zealand,2013,245.5,4.4,0.963,0.008,109.01,-0.0,0.5354,35,0.1616,0.038,1.0,11.9543,5.146199999999999,27.3025,0.02978
NZ,New Zealand,2014,245.6,4.41,0.963,0.008,108.95,-0.0,0.5412,35,0.1616,0.038,1.0,11.6175,5.0481,26.08,0.035736
NZ,New Zealand,2015,245.7,4.42,0.963,0.008,108.9,-0.0,0.5489,35,0.1616,0.038,1.0,11.2301,4.9353,24.8575,0.042884
NZ,New Zealand,2016,245.8,4.43,0.963,0.008,108.86,-0.0,0.5453,35,0.1616,0.038,1.0,10.7846,4.8056,23.635,0.05146
NZ,New Zealand,2017,245.9,4.44,0.963,0.008,108.81,-0.0,0.5553,35,0.2035,0.038,1.0,10.2723,4.656499999999999,22.4125,0.061752
NZ,New Zealand,2018,245.9,4.46,0.963,0.008,108.77,-0.0,0.5466,35,0.2035,0.037,1.0,9.6831,4.484999999999999,21.19,0.074103
NZ,New Zealand,2019,246.0,4.47,0.963,0.008,108.73,-0.0,0.5226,35,0.2035,0.037,1.0,9.0056,4.2877,19.9675,0.088923
NZ,New Zealand,2020,246.1,4.48,0.963,0.008,108.69,-0.0,0.5387,35,0.2035,0.048,1.0,8.2265,4.0609,18.745,0.106708
NZ,New Zealand,2021,246.2,4.49,0.963,0.011,108.64,-0.0,0.5612,35,0.1663,0.053,1.0,7.330399999999999,3.8,17.5225,0.12805
NZ,New Zealand,2022,246.3,4.5,0.963,0.011,108.6,-0.0,0.5551,35,0.2036,0.04,1.0,6.299999999999999,3.5,16.3,0.15366
PL,Poland,2004,198.0,3.2,0.978,0.046,81.0,0.001,0.5608,58,0.2688,0.049,1.0,14.0141,5.735399999999999,36.19,0.001692
PL,Poland,2005,200.0,3.21,0.978,0.046,81.25,-0.0,0.5595,58,0.2688,0.049,1.0,13.9863,5.7257,35.035,0.00203
PL,Poland,2006,202.0,3.22,0.978,0.048,81.5,-0.0,0.5582,58,0.2587,0.053,1.0,13.9542,5.7145,33.88,0.002436
PL,Poland,2007,204.0,3.23,0.978,0.047,81.75,-0.0,0.5568,58,0.2683,0.052,1.0,13.9173,5.7017,32.725,0.002924
PL,Poland,2008,206.0,3.24,0.979,0.041,82.0,0.001,0.5555,58,0.2683,0.045,1.0,13.874899999999998,5.6869,31.57,0.003508
PL,Poland,2009,207.1,3.26,0.979,0.041,82.02,-0.0,0.5542,58,0.2683,0.045,1.0,13.8262,5.67,30.415,0.00421
PL,Poland,2010,208.2,3.27,0.979,0.039,82.04,-0.0,0.5528,58,0.2683,0.046,1.0,13.7701,5.6505,29.26,0.005052
PL,Poland,2011,209.3,3.28,0.979,0.041,82.06,-0.0,0.5543,58,0.2683,0.046,1.0,13.705599999999999,5.628,28.105,0.006063
PL,Poland,2012,210.4,3.29,0.979,0.041,82.09,-0.0,0.5507,58,0.2683,0.043,1.0,13.631499999999999,5.6023,26.95,0.007275
PL,Poland,2013,211.5,3.3,0.979,0.048,82.11,-0.0,0.5488,58,0.2683,0.047,1.0,13.546199999999999,5.5725999999999996,25.795,0.00873
PL,Poland,2014,211.9,3.31,0.979,0.056,82.13,-0.0,0.5524,58,0.2683,0.047,1.0,13.4481,5.5385,24.64,0.010476
PL,Poland,2015,212.2,3.32,0.969,0.077,82.15,-0.01,0.5734,58,0.2683,0.052,1.0,13.3353,5.4993,23.485,0.012571
PL,Poland,2016,212.6,3.33,0.897,0.134,82.17,-0.072,0.5796,58,0.3039,0.114,1.0,13.205599999999999,5.4540999999999995,22.33,0.015085
PL,Poland,2017,212.9,3.34,0.892,0.171,82.19,-0.005,0.5693,58,0.3189,0.143,1.0,13.0565,5.402299999999999,21.175,0.018103
PL,Poland,2018,213.3,3.36,0.885,0.21,82.21,-0.007,0.5829,58,0.3189,0.143,1.0,12.885,5.3426,20.02,0.021723
PL,Poland,2019,213.6,3.37,0.835,0.218,82.24,-0.05,0.6013,58,0.3208,0.149,1.0,12.6877,5.274,18.865,0.026068
PL,Poland,2020,214.0,3.38,0.822,0.235,82.26,-0.013,0.6077,58,0.3343,0.168,1.0,12.460899999999999,5.1951,17.71,0.031281
PL,Poland,2021,214.3,3.39,0.761,0.256,82.28,-0.061,0.6188,58,0.3343,0.183,1.0,12.2,5.1043,16.555,0.037538
PL,Poland,2022,214.7,3.4,0.743,0.257,82.3,-0.018,0.6105,58,0.3343,0.184,1.0,11.899999999999999,5.0,15.4,0.045045
SE,Sweden,2004,86.0,8.5,0.984,0.005,77.0,-0.0,0.6675,22,0.0384,0.028,1.0,13.3677,5.5495,32.43,0.005706
SE,Sweden,2005,85.5,8.51,0.984,0.005,76.95,-0.0,0.668,22,0.0384,0.028,1.0,13.242899999999999,5.5119,31.395,0.006847
SE,Sweden,2006,85.1,8.52,0.984,0.005,76.89,-0.0,0.6685,22,0.0384,0.025,1.0,13.0993,5.4687,30.36,0.008216
SE,Sweden,2007,84.7,8.53,0.984,0.005,76.84,-0.0,0.669,22,0.0384,0.024,1.0,12.934199999999999,5.419,29.325,0.009859
SE,Sweden,2008,84.2,8.54,0.984,0.005,76.78,-0.0,0.6695,22,0.0384,0.024,1.0,12.744299999999999,5.3618999999999994,28.29,0.011831
SE,Sweden,2009,83.9,8.56,0.984,0.005,76.73,-0.0,0.6699,22,0.0384,0.024,1.0,12.526,5.2962,27.255,0.014197
SE,Sweden,2010,83.6,8.57,0.984,0.005,76.67,-0.0,0.6704,22,0.0384,0.024,1.0,12.274899999999999,5.2206,26.22,0.017037
SE,Sweden,2011,83.4,8.58,0.984,0.005,76.62,-0.0,0.6769,22,0.0384,0.026,1.0,11.986099999999999,5.1337,25.185,0.020444
SE,Sweden,2012,83.1,8.59,0.984,0.005,76.56,-0.0,0.6712,22,0.0384,0.025,1.0,11.654,5.0337,24.15,0.024533
SE,Sweden,2013,82.8,8.6,0.984,0.005,76.51,-0.0,0.6719,22,0.0384,0.024,1.0,11.272099999999998,4.9188,23.115,0.02944
SE,Sweden,2014,82.8,8.61,0.984,0.005,76.45,-0.0,0.672,22,0.0384,0.024,1.0,10.832899999999999,4.7866,22.08,0.035328
SE,Sweden,2015,82.8,8.62,0.984,0.008,76.4,-0.0,0.673,22,0.0384,0.031,1.0,10.3278,4.6346,21.045,0.042393
SE,Sweden,2016,82.7,8.63,0.984,0.008,76.37,-0.0,0.667,22,0.0384,0.031,1.0,9.747,4.4597999999999995,20.01,0.050872
SE,Sweden,2017,82.7,8.64,0.984,0.007,76.34,-0.0,0.6589,22,0.0384,0.033,1.0,9.0791,4.2588,18.975,0.061046
SE,Sweden,2018,82.7,8.66,0.984,0.007,76.31,-0.0,0.6488,22,0.0384,0.036,0.5,8.3109,4.0276,17.94,0.073256
SE,Sweden,2019,82.7,8.67,0.984,0.006,76.29,-0.0,0.6493,22,0.0384,0.036,0.5,7.427599999999999,3.7617,16.905,0.087907
SE,Sweden,2020,82.6,8.68,0.984,0.006,76.26,-0.0,0.652,22,0.0384,0.037,0.5,6.4117,3.456,15.87,0.105488
SE,Sweden,2021,82.6,8.69,0.984,0.007,76.23,-0.0,0.6426,22,0.0384,0.037,0.5,5.243499999999999,3.1043,14.835,0.126586
SE,Sweden,2022,82.6,8.7,0.989,0.007,76.2,0.005,0.6305,22,0.0938,0.036,0.5,3.8999999999999986,2.6999999999999997,13.8,0.151903
TH,Thailand,2004,138.0,22.5,0.554,0.485,26.0,-0.0,0.3451,75,0.2952,0.335,1.0,14.0869,5.7596,39.48,0.003257
TH,Thailand,2005,140.9,23.45,0.554,0.502,26.5,-0.0,0.3539,75,0.2767,0.329,1.0,14.069899999999999,5.7535,38.22,0.003908
TH,Thailand,2006,143.8,24.4,0.456,0.528,27.0,-0.098,0.3627,75,0.3026,0.418,1.0,14.0504,5.7466,36.96,0.00469
TH,Thailand,2007,146.6,25.35,0.445,0.507,27.5,-0.011,0.3715,75,0.3312,0.419,1.0,14.027899999999999,5.7386,35.7,0.005628
TH,Thailand,2008,149.5,26.3,0.546,0.46,28.0,0.101,0.3804,75,0.3049,0.388,1.0,14.002099999999999,5.729299999999999,34.44,0.006754
TH,Thailand,2009,151.5,26.46,0.546,0.484,28.12,-0.0,0.3892,75,0.31,0.389,1.0,13.9725,5.7187,33.18,0.008104
TH,Thailand,2010,153.5,26.63,0.546,0.495,28.24,-0.0,0.398,75,0.3208,0.419,1.0,13.9383,5.7065,31.92,0.009725
TH,Thailand,2011,155.5,26.79,0.546,0.472,28.36,-0.0,0.4178,75,0.2998,0.363,1.0,13.899099999999999,5.6925,30.66,0.01167
TH,Thailand,2012,157.5,26.96,0.546,0.46,28.49,-0.0,0.4136,75,0.2887,0.355,1.0,13.8539,5.6764,29.4,0.014004
TH,Thailand,2013,159.5,27.12,0.546,0.472,28.61,-0.0,0.4245,75,0.3142,0.409,1.0,13.802,5.6579,28.14,0.016805
TH,Thailand,2014,159.9,27.29,0.43,0.675,28.73,-0.116,0.4266,75,0.4709,0.595,1.0,13.7423,5.6365,26.88,0.020166
TH,Thailand,2015,160.4,27.45,0.43,0.693,28.85,-0.0,0.408,75,0.4754,0.626,1.0,13.6737,5.612,25.62,0.024199
TH,Thailand,2016,160.8,27.61,0.43,0.69,28.97,-0.0,0.4177,75,0.4204,0.632,1.0,13.5947,5.5838,24.36,0.029039
TH,Thailand,2017,161.2,27.78,0.43,0.694,29.09,-0.0,0.4188,75,0.4465,0.644,1.0,13.504,5.5514,23.1,0.034847
TH,Thailand,2018,161.7,27.94,0.463,0.666,29.21,0.033,0.4222,75,0.4416,0.64,1.0,13.3995,5.5141,21.84,0.041817
TH,Thailand,2019,162.1,28.11,0.486,0.662,29.34,0.023,0.4155,75,0.4015,0.559,1.0,13.279499999999999,5.4712,20.58,0.05018
TH,Thailand,2020,162.5,28.27,0.469,0.662,29.46,-0.017,0.4045,75,0.4117,0.618,1.0,13.141399999999999,5.4219,19.32,0.060216
TH,Thailand,2021,163.0,28.44,0.413,0.644,29.58,-0.056,0.4104,75,0.4117,0.613,1.0,12.9826,5.3652,18.06,0.072259
TH,Thailand,2022,163.4,28.6,0.423,0.644,29.7,0.01,0.409,75,0.3938,0.607,1.0,12.799999999999999,5.3,16.8,0.086711
US,United States,2004,112.0,3.6,0.982,0.022,125.0,-0.0,0.6822,35,0.0167,0.095,1.0,13.0526,5.3313,47.94,0.002725
US,United States,2005,112.9,3.61,0.982,0.022,124.95,-0.0,0.6811,35,0.0167,0.078,1.0,12.8805,5.261,46.41,0.003269
US,United States,2006,113.8,3.62,0.982,0.022,124.91,-0.0,0.6799,35,0.0167,0.087,1.0,12.6825,5.1802,44.88,0.003923
US,United States,2007,114.6,3.63,0.982,0.022,124.86,-0.0,0.6787,35,0.0167,0.078,1.0,12.454899999999999,5.0872,43.35,0.004708
US,United States,2008,115.5,3.64,0.982,0.02,124.82,-0.0,0.6776,35,0.0167,0.061,1.0,12.1931,4.9803,41.82,0.00565
US,United States,2009,116.0,3.66,0.983,0.017,124.77,0.001,0.6764,35,0.0167,0.05,1.0,11.8921,4.8572999999999995,40.29,0.00678
US,United States,2010,116.5,3.67,0.983,0.017,124.73,-0.0,0.6752,35,0.0167,0.048,1.0,11.5459,4.7158999999999995,38.76,0.008136
US,United States,2011,117.0,3.68,0.983,0.017,124.68,-0.0,0.6756,35,0.0167,0.05,1.0,11.1478,4.5533,37.23,0.009763
US,United States,2012,117.5,3.69,0.983,0.018,124.64,-0.0,0.6708,35,0.0167,0.05,1.0,10.69,4.3663,35.7,0.011715
US,United States,2013,118.0,3.7,0.983,0.018,124.59,-0.0,0.6717,35,0.0002,0.048,1.0,10.163499999999999,4.1513,34.17,0.014058
US,United States,2014,118.2,3.71,0.983,0.018,124.55,-0.0,0.6729,35,0.0002,0.048,1.0,9.558,3.904,32.64,0.01687
US,United States,2015,118.3,3.72,0.983,0.018,124.5,-0.0,0.6762,35,0.0002,0.048,1.0,8.861699999999999,3.6195999999999997,31.11,0.020244
US,United States,2016,118.5,3.73,0.981,0.027,124.44,-0.002,0.6793,35,0.0002,0.051,1.0,8.0609,3.2925,29.58,0.024293
US,United States,2017,118.6,3.74,0.981,0.064,124.39,-0.0,0.6811,35,-0.0057,0.059,1.0,7.1400999999999994,2.9164,28.05,0.029151
US,United States,2018,118.8,3.76,0.981,0.059,124.33,-0.0,0.6838,35,0.0328,0.067,1.0,6.081099999999999,2.4838,26.52,0.034981
US,United States,2019,118.9,3.77,0.981,0.062,124.27,-0.0,0.6871,35,0.0328,0.073,0.5,4.863299999999999,1.9863999999999997,24.99,0.041978
US,United States,2020,119.1,3.78,0.983,0.062,124.21,0.002,0.678,35,0.0328,0.087,0.5,3.4627999999999997,1.4143999999999997,23.46,0.050373
US,United States,2021,119.2,3.79,0.967,0.034,124.16,-0.016,0.6823,35,0.0207,0.063,0.5,1.8521999999999998,0.7565,21.93,0.060448
US,United States,2022,119.4,3.8,0.96,0.032,124.1,-0.007,0.676,35,0.0207,0.058,0.5,0.0,0.0,20.4,0.072537
VN,Vietnam,2004,180.0,35.0,0.521,0.757,30.0,-0.0,0.3859,80,0.4888,0.592,1.0,14.1434,5.783799999999999,26.555,0.001653
VN,Vietnam,2005,184.5,36.12,0.521,0.699,30.38,-0.0,0.3854,80,0.4888,0.558,1.0,14.135,5.7814,25.7075,0.001984
VN,Vietnam,2006,189.0,37.25,0.521,0.701,30.75,-0.0,0.3848,80,0.4801,0.548,1.0,14.1252,5.7786,24.86,0.002381
VN,Vietnam,2007,193.5,38.38,0.521,0.701,31.12,-0.0,0.3842,80,0.4801,0.548,1.0,14.113999999999999,5.775399999999999,24.0125,0.002857
VN,Vietnam,2008,198.0,39.5,0.521,0.701,31.5,-0.0,0.3837,80,0.4757,0.548,1.0,14.101099999999999,5.7717,23.165,0.003429
VN,Vietnam,2009,200.7,39.63,0.521,0.701,31.62,-0.0,0.3831,80,0.4849,0.555,1.0,14.0862,5.7675,22.3175,0.004114
VN,Vietnam,2010,203.4,39.76,0.496,0.699,31.74,-0.025,0.3826,80,0.4702,0.552,1.0,14.069199999999999,5.7626,21.47,0.004937
VN,Vietnam,2011,206.1,39.89,0.496,0.699,31.86,-0.0,0.4055,80,0.4702,0.552,1.0,14.0495,5.757,20.6225,0.005925
VN,Vietnam,2012,208.8,40.01,0.496,0.699,31.99,-0.0,0.3781,80,0.4799,0.555,1.0,14.027,5.7505999999999995,19.775,0.00711
VN,Vietnam,2013,211.5,40.14,0.486,0.645,32.11,-0.01,0.3809,80,0.4963,0.539,1.0,14.001,5.7431,18.9275,0.008531
VN,Vietnam,2014,212.3,40.27,0.486,0.645,32.23,-0.0,0.3458,80,0.4918,0.537,1.0,13.9712,5.7345999999999995,18.08,0.010238
VN,Vietnam,2015,213.1,40.4,0.486,0.645,32.35,-0.0,0.3713,80,0.485,0.538,1.0,13.9368,5.7248,17.2325,0.012285
VN,Vietnam,2016,214.0,40.53,0.486,0.641,32.47,-0.0,0.3675,80,0.4974,0.539,1.0,13.8974,5.7135,16.385,0.014742
VN,Vietnam,2017,214.8,40.66,0.486,0.65,32.59,-0.0,0.3676,80,0.5038,0.554,1.0,13.851999999999999,5.7006,15.5375,0.017691
VN,Vietnam,2018,215.6,40.79,0.486,0.678,32.71,-0.0,0.3795,80,0.5038,0.567,1.0,13.7998,5.6856,14.69,0.021229
VN,Vietnam,2019,216.4,40.91,0.493,0.678,32.84,0.007,0.3806,80,0.5038,0.603,1.0,13.7397,5.6685,13.8425,0.025475
VN,Vietnam,2020,217.3,41.04,0.565,0.681,32.96,0.072,0.3935,80,0.5098,0.593,1.0,13.6707,5.6488,12.995,0.03057
VN,Vietnam,2021,218.1,41.17,0.528,0.678,33.08,-0.037,0.4095,80,0.5187,0.634,1.0,13.591299999999999,5.6261,12.1475,0.036684
VN,Vietnam,2022,218.9,41.3,0.528,0.699,33.2,-0.0,0.4141,80,0.5682,0.614,1.0,13.5,5.6,11.3,0.044021
ZA,South Africa,2004,43.0,4.2,0.661,0.238,50.0,-0.0,0.417,70,0.0345,0.139,1.0,14.0788,5.7677,28.435,0.001018
ZA,South Africa,2005,43.7,4.23,0.661,0.238,50.25,-0.0,0.422,70,0.0345,0.139,1.0,14.060599999999999,5.7627999999999995,27.5275,0.001221
ZA,South Africa,2006,44.4,4.26,0.661,0.239,50.5,-0.0,0.427,70,0.0272,0.138,1.0,14.0397,5.7573,26.62,0.001466
ZA,South Africa,2007,45.1,4.28,0.661,0.242,50.75,-0.0,0.432,70,0.0272,0.138,1.0,14.015699999999999,5.7508,25.7125,0.001759
ZA,South Africa,2008,45.8,4.31,0.661,0.24,51.0,-0.0,0.437,70,0.0272,0.139,1.0,13.988,5.7435,24.805,0.002111
ZA,South Africa,2009,46.1,4.34,0.634,0.256,51.1,-0.027,0.442,70,0.0272,0.139,1.0,13.956199999999999,5.734999999999999,23.8975,0.002533
ZA,South Africa,2010,46.5,4.37,0.634,0.251,51.2,-0.0,0.447,70,0.0544,0.135,1.0,13.919599999999999,5.7252,22.99,0.003039
ZA,South Africa,2011,46.8,4.39,0.634,0.259,51.3,-0.0,0.4518,70,0.0544,0.135,1.0,13.8776,5.7139999999999995,22.0825,0.003647
ZA,South Africa,2012,47.2,4.42,0.634,0.261,51.4,-0.0,0.4605,70,0.0544,0.134,1.0,13.8292,5.701099999999999,21.175,0.004377
ZA,South Africa,2013,47.5,4.45,0.634,0.283,51.5,-0.0,0.462,70,0.109,0.14,1.0,13.7736,5.6863,20.2675,0.005252
ZA,South Africa,2014,47.6,4.48,0.634,0.288,51.6,-0.0,0.4743,70,0.109,0.141,1.0,13.7096,5.6692,19.36,0.006303
ZA,South Africa,2015,47.7,4.51,0.634,0.305,51.7,-0.0,0.4804,70,0.109,0.133,1.0,13.636099999999999,5.6495999999999995,18.4525,0.007563
ZA,South Africa,2016,47.9,4.53,0.634,0.305,51.8,-0.0,0.4828,70,0.109,0.135,1.0,13.551499999999999,5.6270999999999995,17.545,0.009076
ZA,South Africa,2017,48.0,4.56,0.634,0.345,51.9,-0.0,0.4698,70,0.109,0.154,1.0,13.4542,5.6011,16.6375,0.010891
ZA,South Africa,2018,48.1,4.59,0.634,0.327,52.0,-0.0,0.4723,70,0.109,0.146,1.0,13.3424,5.5713,15.73,0.013069
ZA,South Africa,2019,48.2,4.62,0.661,0.31,52.1,0.027,0.4907,70,0.1372,0.163,1.0,13.2137,5.537,14.8225,0.015683
ZA,South Africa,2020,48.4,4.64,0.661,0.271,52.2,-0.0,0.4766,70,0.1694,0.171,1.0,13.0658,5.4975,13.915,0.01882
ZA,South Africa,2021,48.5,4.67,0.661,0.287,52.3,-0.0,0.4817,70,0.1694,0.162,1.0,12.8957,5.4521999999999995,13.0075,0.022584
ZA,South Africa,2022,48.6,4.7,0.654,0.278,52.4,-0.007,0.4751,70,0.1694,0.171,1.0,12.7,5.3999999999999995,12.1,0.0271
