country_iso2,country_name,farmed_animals_per_capita_2004,aquaculture_pct_2004,animal_rights_risk_2004,rule_of_law_risk_2004,meat_consumption_kg_2004,animal_rights_delta_risk_2004,plant_protein_risk_2004,public_concern_risk_2004,civic_space_risk_2004,civil_liberties_risk_2004,ai_governance_risk_2004,ai_aw_research_risk_2004,ai_sentience_risk_2004,speciesist_bias_ratio_2004,patent_intensity_2004,L1_score_2004,L2_score_2004,L3_score_2004,AWPRI_score_2004,farmed_animals_per_capita_2005,aquaculture_pct_2005,animal_rights_risk_2005,rule_of_law_risk_2005,meat_consumption_kg_2005,animal_rights_delta_risk_2005,plant_protein_risk_2005,public_concern_risk_2005,civic_space_risk_2005,civil_liberties_risk_2005,ai_governance_risk_2005,ai_aw_research_risk_2005,ai_sentience_risk_2005,speciesist_bias_ratio_2005,patent_intensity_2005,L1_score_2005,L2_score_2005,L3_score_2005,AWPRI_score_2005,farmed_animals_per_capita_2006,aquaculture_pct_2006,animal_rights_risk_2006,rule_of_law_risk_2006,meat_consumption_kg_2006,animal_rights_delta_risk_2006,plant_protein_risk_2006,public_concern_risk_2006,civic_space_risk_2006,civil_liberties_risk_2006,ai_governance_risk_2006,ai_aw_research_risk_2006,ai_sentience_risk_2006,speciesist_bias_ratio_2006,patent_intensity_2006,L1_score_2006,L2_score_2006,L3_score_2006,AWPRI_score_2006,farmed_animals_per_capita_2007,aquaculture_pct_2007,animal_rights_risk_2007,rule_of_law_risk_2007,meat_consumption_kg_2007,animal_rights_delta_risk_2007,plant_protein_risk_2007,public_concern_risk_2007,civic_space_risk_2007,civil_liberties_risk_2007,ai_governance_risk_2007,ai_aw_research_risk_2007,ai_sentience_risk_2007,speciesist_bias_ratio_2007,patent_intensity_2007,L1_score_2007,L2_score_2007,L3_score_2007,AWPRI_score_2007,farmed_animals_per_capita_2008,aquaculture_pct_2008,animal_rights_risk_2008,rule_of_law_risk_2008,meat_consumption_kg_2008,animal_rights_delta_risk_2008,plant_protein_risk_2008,public_concern_risk_2008,civic_space_risk_2008,civil_liberties_risk_2008,ai_governance_risk_2008,ai_aw_research_risk_2008,ai_sentience_risk_2008,speciesist_bias_ratio_2008,patent_intensity_2008,L1_score_2008,L2_score_2008,L3_score_2008,AWPRI_score_2008,farmed_animals_per_capita_2009,aquaculture_pct_2009,animal_rights_risk_2009,rule_of_law_risk_2009,meat_consumption_kg_2009,animal_rights_delta_risk_2009,plant_protein_risk_2009,public_concern_risk_2009,civic_space_risk_2009,civil_liberties_risk_2009,ai_governance_risk_2009,ai_aw_research_risk_2009,ai_sentience_risk_2009,speciesist_bias_ratio_2009,patent_intensity_2009,L1_score_2009,L2_score_2009,L3_score_2009,AWPRI_score_2009,farmed_animals_per_capita_2010,aquaculture_pct_2010,animal_rights_risk_2010,rule_of_law_risk_2010,meat_consumption_kg_2010,animal_rights_delta_risk_2010,plant_protein_risk_2010,public_concern_risk_2010,civic_space_risk_2010,civil_liberties_risk_2010,ai_governance_risk_2010,ai_aw_research_risk_2010,ai_sentience_risk_2010,speciesist_bias_ratio_2010,patent_intensity_2010,L1_score_2010,L2_score_2010,L3_score_2010,AWPRI_score_2010,farmed_animals_per_capita_2011,aquaculture_pct_2011,animal_rights_risk_2011,rule_of_law_risk_2011,meat_consumption_kg_2011,animal_rights_delta_risk_2011,plant_protein_risk_2011,public_concern_risk_2011,civic_space_risk_2011,civil_liberties_risk_2011,ai_governance_risk_2011,ai_aw_research_risk_2011,ai_sentience_risk_2011,speciesist_bias_ratio_2011,patent_intensity_2011,L1_score_2011,L2_score_2011,L3_score_2011,AWPRI_score_2011,farmed_animals_per_capita_2012,aquaculture_pct_2012,animal_rights_risk_2012,rule_of_law_risk_2012,meat_consumption_kg_2012,animal_rights_delta_risk_2012,plant_protein_risk_2012,public_concern_risk_2012,civic_space_risk_2012,civil_liberties_risk_2012,ai_governance_risk_2012,ai_aw_research_risk_2012,ai_sentience_risk_2012,speciesist_bias_ratio_2012,patent_intensity_2012,L1_score_2012,L2_score_2012,L3_score_2012,AWPRI_score_2012,farmed_animals_per_capita_2013,aquaculture_pct_2013,animal_rights_risk_2013,rule_of_law_risk_2013,meat_consumption_kg_2013,animal_rights_delta_risk_2013,plant_protein_risk_2013,public_concern_risk_2013,civic_space_risk_2013,civil_liberties_risk_2013,ai_governance_risk_2013,ai_aw_research_risk_2013,ai_sentience_risk_2013,speciesist_bias_ratio_2013,patent_intensity_2013,L1_score_2013,L2_score_2013,L3_score_2013,AWPRI_score_2013,farmed_animals_per_capita_2014,aquaculture_pct_2014,animal_rights_risk_2014,rule_of_law_risk_2014,meat_consumption_kg_2014,animal_rights_delta_risk_2014,plant_protein_risk_2014,public_concern_risk_2014,civic_space_risk_2014,civil_liberties_risk_2014,ai_governance_risk_2014,ai_aw_research_risk_2014,ai_sentience_risk_2014,speciesist_bias_ratio_2014,patent_intensity_2014,L1_score_2014,L2_score_2014,L3_score_2014,AWPRI_score_2014,farmed_animals_per_capita_2015,aquaculture_pct_2015,animal_rights_risk_2015,rule_of_law_risk_2015,meat_consumption_kg_2015,animal_rights_delta_risk_2015,plant_protein_risk_2015,public_concern_risk_2015,civic_space_risk_2015,civil_liberties_risk_2015,ai_governance_risk_2015,ai_aw_research_risk_2015,ai_sentience_risk_2015,speciesist_bias_ratio_2015,patent_intensity_2015,L1_score_2015,L2_score_2015,L3_score_2015,AWPRI_score_2015,farmed_animals_per_capita_2016,aquaculture_pct_2016,animal_rights_risk_2016,rule_of_law_risk_2016,meat_consumption_kg_2016,animal_rights_delta_risk_2016,plant_protein_risk_2016,public_concern_risk_2016,civic_space_risk_2016,civil_liberties_risk_2016,ai_governance_risk_2016,ai_aw_research_risk_2016,ai_sentience_risk_2016,speciesist_bias_ratio_2016,patent_intensity_2016,L1_score_2016,L2_score_2016,L3_score_2016,AWPRI_score_2016,farmed_animals_per_capita_2017,aquaculture_pct_2017,animal_rights_risk_2017,rule_of_law_risk_2017,meat_consumption_kg_2017,animal_rights_delta_risk_2017,plant_protein_risk_2017,public_concern_risk_2017,civic_space_risk_2017,civil_liberties_risk_2017,ai_governance_risk_2017,ai_aw_research_risk_2017,ai_sentience_risk_2017,speciesist_bias_ratio_2017,patent_intensity_2017,L1_score_2017,L2_score_2017,L3_score_2017,AWPRI_score_2017,farmed_animals_per_capita_2018,aquaculture_pct_2018,animal_rights_risk_2018,rule_of_law_risk_2018,meat_consumption_kg_2018,animal_rights_delta_risk_2018,plant_protein_risk_2018,public_concern_risk_2018,civic_space_risk_2018,civil_liberties_risk_2018,ai_governance_risk_2018,ai_aw_research_risk_2018,ai_sentience_risk_2018,speciesist_bias_ratio_2018,patent_intensity_2018,L1_score_2018,L2_score_2018,L3_score_2018,AWPRI_score_2018,farmed_animals_per_capita_2019,aquaculture_pct_2019,animal_rights_risk_2019,rule_of_law_risk_2019,meat_consumption_kg_2019,animal_rights_delta_risk_2019,plant_protein_risk_2019,public_concern_risk_2019,civic_space_risk_2019,civil_liberties_risk_2019,ai_governance_risk_2019,ai_aw_research_risk_2019,ai_sentience_risk_2019,speciesist_bias_ratio_2019,patent_intensity_2019,L1_score_2019,L2_score_2019,L3_score_2019,AWPRI_score_2019,farmed_animals_per_capita_2020,aquaculture_pct_2020,animal_rights_risk_2020,rule_of_law_risk_2020,meat_consumption_kg_2020,animal_rights_delta_risk_2020,plant_protein_risk_2020,public_concern_risk_2020,civic_space_risk_2020,civil_liberties_risk_2020,ai_governance_risk_2020,ai_aw_research_risk_2020,ai_sentience_risk_2020,speciesist_bias_ratio_2020,patent_intensity_2020,L1_score_2020,L2_score_2020,L3_score_2020,AWPRI_score_2020,farmed_animals_per_capita_2021,aquaculture_pct_2021,animal_rights_risk_2021,rule_of_law_risk_2021,meat_consumption_kg_2021,animal_rights_delta_risk_2021,plant_protein_risk_2021,public_concern_risk_2021,civic_space_risk_2021,civil_liberties_risk_2021,ai_governance_risk_2021,ai_aw_research_risk_2021,ai_sentience_risk_2021,speciesist_bias_ratio_2021,patent_intensity_2021,L1_score_2021,L2_score_2021,L3_score_2021,AWPRI_score_2021,farmed_animals_per_capita_2022,aquaculture_pct_2022,animal_rights_risk_2022,rule_of_law_risk_2022,meat_consumption_kg_2022,animal_rights_delta_risk_2022,plant_protein_risk_2022,public_concern_risk_2022,civic_space_risk_2022,civil_liberties_risk_2022,ai_governance_risk_2022,ai_aw_research_risk_2022,ai_sentience_risk_2022,speciesist_bias_ratio_2022,patent_intensity_2022,L1_score_2022,L2_score_2022,L3_score_2022,AWPRI_score_2022
AR,Argentina,0.4245,0.0574,0.9101,0.5859,0.9179,0.0,0.7754,0.7143,0.2792,0.0816,0.5,0.9215,0.9565,0.2883,0.0789,0.5792,0.3701,0.549,0.4994,0.4286,0.0555,0.9076,0.5859,0.9178,0.3571,0.7912,0.7143,0.2458,0.0806,0.5,0.9214,0.9564,0.2881,0.0789,0.5791,0.4378,0.549,0.522,0.4328,0.0537,0.9034,0.5859,0.9177,0.9694,0.8071,0.7143,0.2458,0.0891,0.5,0.9215,0.9564,0.288,0.0788,0.5787,0.5651,0.5489,0.5642,0.4371,0.052,0.8815,0.6153,0.9176,0.0,0.823,0.7143,0.2458,0.0969,0.5,0.9214,0.9564,0.2879,0.0789,0.5807,0.376,0.5489,0.5019,0.4413,0.0505,0.8815,0.6318,0.9175,0.2463,0.8386,0.7143,0.2557,0.1038,0.5,0.9215,0.9566,0.2877,0.0789,0.5845,0.4317,0.5489,0.5217,0.4435,0.0497,0.8813,0.6318,0.9174,0.9643,0.8524,0.7143,0.2557,0.1047,0.5,0.9214,0.9565,0.2876,0.0789,0.5847,0.5783,0.5489,0.5706,0.4457,0.0488,0.8813,0.6195,0.9174,0.3968,0.8613,0.7143,0.309,0.1089,0.5,0.9214,0.9565,0.2874,0.0789,0.5825,0.4781,0.5488,0.5365,0.4479,0.0479,0.8821,0.6179,0.9173,0.2941,0.8367,0.7143,0.309,0.1085,0.5,0.9214,0.9565,0.2872,0.0789,0.5826,0.4525,0.5488,0.528,0.4501,0.047,0.8821,0.6179,0.9173,0.0,0.8795,0.7143,0.3082,0.1183,0.5,0.9214,0.9565,0.287,0.0789,0.5829,0.4041,0.5488,0.5119,0.4523,0.0462,0.8821,0.6484,0.9172,1.0,0.8873,0.7143,0.2308,0.1145,0.5,0.9214,0.9565,0.2868,0.0789,0.5892,0.5894,0.5487,0.5758,0.4532,0.0463,0.8821,0.6519,0.9172,1.0,0.8826,0.7143,0.2308,0.1107,0.5,0.9214,0.9565,0.2865,0.0789,0.5901,0.5877,0.5487,0.5755,0.4542,0.0464,0.896,0.6378,0.9171,1.0,0.8964,0.7143,0.2172,0.1269,0.5,0.9214,0.9565,0.2863,0.0789,0.5903,0.591,0.5486,0.5766,0.4552,0.0465,0.932,0.4634,0.9172,1.0,0.8923,0.7143,0.167,0.1071,0.5,0.9214,0.9565,0.286,0.0789,0.5629,0.5761,0.5486,0.5625,0.4562,0.0466,0.932,0.4443,0.9172,0.119,0.9143,0.7143,0.1719,0.1274,1.0,0.9214,0.9565,0.2857,0.0789,0.5593,0.4094,0.6485,0.5391,0.4573,0.0469,0.932,0.4642,0.9173,0.175,0.9145,0.7143,0.1193,0.0981,1.0,0.9214,0.9565,0.2853,0.0789,0.5635,0.4042,0.6484,0.5387,0.4584,0.047,0.9317,0.4734,0.9174,0.5814,0.8898,0.7143,0.1158,0.1197,1.0,0.9214,0.9565,0.2849,0.0789,0.5656,0.4842,0.6483,0.566,0.4593,0.0471,0.8952,0.4947,0.9175,0.1316,0.9195,0.7143,0.178,0.1003,1.0,0.9214,0.9565,0.2845,0.0789,0.5628,0.4087,0.6483,0.5399,0.4603,0.0472,0.8933,0.4916,0.9174,0.6289,0.8867,0.7143,0.1777,0.1182,1.0,0.9214,0.9565,0.284,0.0789,0.562,0.5052,0.6482,0.5718,0.4613,0.0473,0.9068,0.5132,0.9175,0.3911,0.8888,0.7143,0.1695,0.1128,1.0,0.9214,0.9565,0.2834,0.0789,0.5692,0.4553,0.648,0.5575
AU,Australia,0.1431,0.0353,0.9957,0.0065,0.8933,0.8889,0.9621,0.254,0.2116,0.0297,0.5,0.4286,0.6434,0.6362,0.1183,0.4148,0.4693,0.4653,0.4498,0.145,0.0344,0.9958,0.0065,0.8935,0.4643,0.97,0.254,0.1864,0.0293,0.5,0.4285,0.6435,0.6361,0.1181,0.415,0.3808,0.4652,0.4203,0.147,0.0336,0.9958,0.0065,0.8938,1.0,0.9782,0.254,0.1864,0.0336,0.5,0.4286,0.6434,0.636,0.1181,0.4153,0.4904,0.4652,0.457,0.1491,0.033,0.9958,0.0066,0.894,1.0,0.9865,0.254,0.1864,0.0352,0.5,0.4286,0.6434,0.6358,0.1182,0.4157,0.4924,0.4652,0.4578,0.1511,0.0323,0.9958,0.0066,0.8942,0.2463,0.9945,0.254,0.1883,0.0322,0.5,0.4286,0.6435,0.6357,0.1182,0.416,0.3431,0.4652,0.4081,0.1521,0.032,0.9958,0.0066,0.8946,0.9643,1.0,0.254,0.1883,0.032,0.5,0.4286,0.6435,0.6355,0.1182,0.4162,0.4877,0.4652,0.4564,0.153,0.0316,0.9958,0.0078,0.8948,0.3968,1.0,0.254,0.1865,0.0334,0.5,0.4286,0.6435,0.6353,0.1182,0.4166,0.3741,0.4651,0.4186,0.1538,0.0315,0.9958,0.0078,0.8952,0.2941,1.0,0.254,0.1865,0.0304,0.5,0.4286,0.6434,0.6352,0.1181,0.4168,0.353,0.4651,0.4116,0.1547,0.0311,0.9958,0.0078,0.8955,0.0,1.0,0.254,0.1859,0.0317,0.5,0.4286,0.6435,0.635,0.1182,0.417,0.2943,0.4651,0.3921,0.1557,0.0308,0.9958,0.0147,0.8958,1.0,1.0,0.254,0.2287,0.0489,0.5,0.4286,0.6434,0.6347,0.1182,0.4186,0.5063,0.465,0.4633,0.1556,0.0311,0.9958,0.0134,0.8961,1.0,1.0,0.254,0.2287,0.0464,0.5,0.4286,0.6435,0.6345,0.1182,0.4184,0.5058,0.465,0.4631,0.1556,0.0314,0.9958,0.0149,0.8964,0.5,1.0,0.254,0.2153,0.0381,0.5,0.4286,0.6435,0.6342,0.1182,0.4188,0.4015,0.4649,0.4284,0.1555,0.0319,0.9958,0.0122,0.8962,0.7347,1.0,0.254,0.2104,0.0348,0.5,0.4286,0.6435,0.634,0.1182,0.4183,0.4468,0.4649,0.4433,0.1556,0.0322,0.9958,0.0094,0.896,0.119,1.0,0.254,0.2146,0.0499,1.0,0.4286,0.6435,0.6336,0.1182,0.4178,0.3275,0.5648,0.4367,0.1555,0.0325,0.9958,0.0121,0.8958,0.175,1.0,0.254,0.1953,0.0444,1.0,0.4286,0.6435,0.6333,0.1182,0.4183,0.3337,0.5647,0.4389,0.1555,0.0328,0.9958,0.0109,0.8956,0.5814,0.9712,0.254,0.2521,0.0572,0.0,0.4286,0.6435,0.6329,0.1182,0.4181,0.4232,0.3646,0.402,0.1554,0.0332,0.9959,0.0106,0.8954,0.3684,0.9942,0.254,0.2329,0.0521,0.0,0.4286,0.6435,0.6325,0.1182,0.4181,0.3803,0.3646,0.3877,0.1555,0.0335,0.9958,0.0091,0.8952,0.6289,0.9559,0.254,0.2034,0.0649,0.0,0.4286,0.6435,0.632,0.1182,0.4178,0.4214,0.3645,0.4012,0.1554,0.0338,0.9958,0.0106,0.895,0.3352,0.9464,0.254,0.1941,0.0545,0.0,0.4286,0.6435,0.6314,0.1182,0.4181,0.3568,0.3643,0.3797
BR,Brazil,0.5396,0.0728,0.9914,0.349,0.6388,0.8889,0.6534,0.6349,0.2638,0.2018,0.5,0.8858,0.9391,0.3343,0.0553,0.5183,0.5286,0.5429,0.5299,0.5538,0.0761,0.9916,0.2591,0.6428,0.4643,0.6737,0.6349,0.2323,0.154,0.5,0.8857,0.939,0.3341,0.0552,0.5047,0.4318,0.5428,0.4931,0.5684,0.0789,0.9916,0.2643,0.6469,1.0,0.6945,0.6349,0.2323,0.1562,0.5,0.8857,0.9391,0.334,0.0552,0.51,0.5436,0.5428,0.5321,0.5831,0.0815,0.9916,0.2675,0.651,1.0,0.7152,0.6349,0.2323,0.1586,0.5,0.8857,0.939,0.3339,0.0552,0.5149,0.5482,0.5428,0.5353,0.5977,0.0841,0.9916,0.2689,0.655,0.2463,0.7359,0.6349,0.2347,0.1579,0.5,0.8857,0.9392,0.3337,0.0553,0.5195,0.4019,0.5428,0.4881,0.6048,0.0833,0.9916,0.2689,0.6559,0.9643,0.7547,0.6349,0.2347,0.157,0.5,0.8857,0.9391,0.3335,0.0552,0.5209,0.5491,0.5427,0.5376,0.6119,0.0824,0.9916,0.2571,0.6567,0.3968,0.7692,0.6349,0.2159,0.1567,0.5,0.8857,0.9391,0.3333,0.0553,0.5199,0.4347,0.5427,0.4991,0.619,0.0817,0.9917,0.2565,0.6576,0.2941,0.7606,0.6349,0.2387,0.1534,0.5,0.8857,0.9391,0.3331,0.0552,0.5213,0.4163,0.5426,0.4934,0.6262,0.081,0.9917,0.2578,0.6584,0.0,0.7913,0.6349,0.238,0.1558,0.5,0.8857,0.9391,0.3329,0.0552,0.523,0.364,0.5426,0.4765,0.6335,0.0803,0.9917,0.2701,0.6593,1.0,0.8114,0.6349,0.2345,0.155,0.5,0.8857,0.9391,0.3327,0.0552,0.527,0.5672,0.5425,0.5456,0.6341,0.081,0.9917,0.2715,0.6601,1.0,0.8155,0.6349,0.2345,0.1516,0.5,0.8857,0.9391,0.3324,0.0552,0.5277,0.5673,0.5425,0.5458,0.6348,0.0819,0.9903,0.277,0.661,0.45,0.8313,0.6349,0.2207,0.1509,0.5,0.8857,0.9391,0.3322,0.0552,0.529,0.4576,0.5424,0.5097,0.6352,0.0828,0.975,0.3564,0.662,0.6224,0.824,0.6349,0.3104,0.1822,0.5,0.8857,0.9391,0.3318,0.0552,0.5423,0.5148,0.5424,0.5332,0.6358,0.0836,0.975,0.3624,0.6628,0.119,0.8482,0.6349,0.3131,0.2022,1.0,0.8857,0.9391,0.3315,0.0552,0.5439,0.4235,0.6423,0.5366,0.6365,0.0845,0.975,0.3887,0.6638,0.175,0.8572,0.6349,0.2977,0.2406,1.0,0.8857,0.9391,0.3311,0.0552,0.5497,0.4411,0.6422,0.5443,0.6372,0.0854,0.9289,0.4911,0.6647,0.1977,0.911,0.6349,0.2891,0.3577,1.0,0.8857,0.9391,0.3307,0.0552,0.5615,0.4781,0.6421,0.5606,0.6376,0.0862,0.9476,0.4669,0.6657,0.4825,0.923,0.6349,0.2604,0.3646,1.0,0.8857,0.9391,0.3303,0.0552,0.5608,0.5331,0.6421,0.5787,0.6382,0.087,0.9354,0.4604,0.6665,0.5464,0.9073,0.6349,0.2601,0.3857,1.0,0.8857,0.9391,0.3297,0.0552,0.5575,0.5469,0.6419,0.5821,0.6389,0.0878,0.9294,0.4841,0.6675,0.3128,0.9179,0.6349,0.231,0.3714,1.0,0.8857,0.9391,0.3291,0.0552,0.5615,0.4936,0.6418,0.5656
CA,Canada,0.1572,0.0574,0.9686,0.0286,0.7619,0.8889,0.8236,0.1587,0.4195,0.0564,0.5,0.3643,0.4521,0.7933,0.2559,0.3947,0.4694,0.4731,0.4457,0.1594,0.0557,0.9692,0.0286,0.7616,0.4643,0.8202,0.1587,0.3694,0.0557,0.5,0.3643,0.4521,0.7932,0.2559,0.3949,0.3737,0.4731,0.4139,0.1615,0.0539,0.9692,0.0286,0.7613,1.0,0.8169,0.1587,0.3694,0.0613,0.5,0.3643,0.4521,0.7932,0.2559,0.3949,0.4813,0.4731,0.4498,0.1635,0.0524,0.9693,0.025,0.761,1.0,0.8137,0.1587,0.3694,0.0602,0.5,0.3643,0.4521,0.7931,0.2559,0.3942,0.4804,0.4731,0.4492,0.1657,0.0511,0.9693,0.0265,0.7608,0.2463,0.8101,0.1587,0.3733,0.0599,0.5,0.3643,0.4521,0.793,0.2559,0.3947,0.3297,0.4731,0.3992,0.1665,0.0501,0.9693,0.0265,0.7606,0.9643,0.8047,0.1587,0.3733,0.0596,0.5,0.3643,0.4522,0.7929,0.2559,0.3946,0.4721,0.4731,0.4466,0.1675,0.0493,0.9693,0.0247,0.7604,0.3968,0.7949,0.1587,0.3696,0.0595,0.5,0.3643,0.4522,0.7927,0.2559,0.3942,0.3559,0.473,0.4077,0.1682,0.0486,0.9695,0.0246,0.7603,0.2941,0.7585,0.1587,0.3696,0.0564,0.5,0.3643,0.4522,0.7926,0.2559,0.3942,0.3275,0.473,0.3982,0.1692,0.0477,0.9695,0.0246,0.7601,0.0,0.7532,0.1587,0.3686,0.0563,0.5,0.3643,0.4522,0.7925,0.2559,0.3942,0.2674,0.473,0.3782,0.17,0.0471,0.9695,0.0241,0.76,1.0,0.7661,0.1587,0.3445,0.0489,0.5,0.3643,0.4522,0.7923,0.2559,0.3941,0.4636,0.4729,0.4435,0.1701,0.0474,0.9695,0.0242,0.7598,1.0,0.7999,0.1587,0.3445,0.0505,0.5,0.3643,0.4521,0.7922,0.2559,0.3942,0.4707,0.4729,0.4459,0.1702,0.0475,0.9695,0.023,0.7596,0.5,0.8145,0.1587,0.3242,0.0423,0.5,0.3643,0.4522,0.792,0.2559,0.394,0.3679,0.4729,0.4116,0.1703,0.0477,0.9695,0.0217,0.7597,0.7347,0.7643,0.1587,0.3169,0.0431,0.5,0.3643,0.4522,0.7918,0.2559,0.3938,0.4035,0.4728,0.4234,0.1704,0.048,0.9695,0.0201,0.7597,0.119,0.7665,0.1587,0.3196,0.0499,0.0,0.3643,0.4522,0.7916,0.2559,0.3935,0.2827,0.3728,0.3497,0.1705,0.0481,0.9695,0.0202,0.7597,0.175,0.8193,0.1587,0.3001,0.0457,0.0,0.3643,0.4522,0.7914,0.2559,0.3936,0.2998,0.3728,0.3554,0.1705,0.0484,0.9847,0.0273,0.7599,0.7093,0.8304,0.1587,0.2183,0.0426,0.0,0.3643,0.4522,0.7911,0.2559,0.3982,0.3919,0.3727,0.3876,0.1706,0.0486,0.9324,0.0423,0.7599,0.0351,0.8499,0.1587,0.2737,0.0417,0.0,0.3643,0.4522,0.7908,0.2559,0.3908,0.2718,0.3726,0.3451,0.1707,0.0487,0.8834,0.0363,0.76,0.2784,0.8568,0.1587,0.2733,0.0403,0.0,0.3643,0.4522,0.7905,0.2559,0.3798,0.3215,0.3726,0.358,0.1708,0.049,0.8475,0.0463,0.76,0.1955,0.8646,0.1587,0.2607,0.0735,0.0,0.3643,0.4522,0.7901,0.2559,0.3747,0.3106,0.3725,0.3526
CN,China,0.3895,1.0,0.0285,0.8971,0.4171,0.8889,0.4489,0.9524,1.0,1.0,0.5,0.8643,0.8868,1.0,0.6703,0.5464,0.858,0.7843,0.7296,0.3991,1.0,0.0462,0.9805,0.424,0.4643,0.453,0.9524,1.0,1.0,0.5,0.8643,0.887,1.0,0.6703,0.57,0.7739,0.7843,0.7094,0.409,1.0,0.0462,0.9805,0.4308,1.0,0.4569,0.9524,1.0,1.0,0.5,0.8643,0.8869,1.0,0.6703,0.5733,0.8819,0.7843,0.7465,0.419,1.0,0.0502,0.9921,0.4377,1.0,0.4608,0.9524,1.0,1.0,0.5,0.8643,0.8869,1.0,0.6704,0.5798,0.8826,0.7843,0.7489,0.4288,1.0,0.0502,0.9934,0.4446,0.2463,0.4647,0.9524,1.0,1.0,0.5,0.8643,0.887,1.0,0.6703,0.5834,0.7327,0.7843,0.7001,0.4347,1.0,0.0279,0.9987,0.4472,0.4286,0.4674,0.9524,1.0,1.0,0.5,0.8643,0.8869,1.0,0.6703,0.5817,0.7697,0.7843,0.7119,0.4407,1.0,0.0279,0.9792,0.4497,0.3968,0.4675,0.9524,1.0,1.0,0.5,0.8643,0.887,1.0,0.6703,0.5795,0.7633,0.7843,0.709,0.4466,1.0,0.0513,0.9754,0.4523,1.0,0.4338,0.9524,1.0,1.0,0.5,0.8643,0.8869,1.0,0.6703,0.5851,0.8772,0.7843,0.7489,0.4526,1.0,0.0513,0.965,0.4548,0.0,0.4577,0.9524,1.0,1.0,0.5,0.8643,0.887,1.0,0.6703,0.5847,0.682,0.7843,0.6837,0.4586,1.0,0.0361,0.9746,0.4574,0.0,0.4681,0.9524,1.0,1.0,0.5,0.8643,0.8869,1.0,0.6703,0.5853,0.6841,0.7843,0.6846,0.4602,1.0,0.0361,0.9691,0.4599,1.0,0.465,0.9524,1.0,1.0,0.5,0.8643,0.887,1.0,0.6703,0.5851,0.8835,0.7843,0.751,0.4618,1.0,0.0361,1.0,0.4625,0.5,0.4628,0.9524,1.0,1.0,0.5,0.8643,0.8869,1.0,0.6703,0.5921,0.783,0.7843,0.7198,0.4636,1.0,0.0361,1.0,0.4651,0.7347,0.4741,0.9524,1.0,1.0,0.5,0.8643,0.887,1.0,0.6703,0.593,0.8322,0.7843,0.7365,0.4653,1.0,0.0361,1.0,0.4677,0.119,0.4774,0.9524,1.0,1.0,1.0,0.8643,0.887,1.0,0.6703,0.5938,0.7098,0.8843,0.7293,0.4668,1.0,0.0361,1.0,0.4703,0.175,0.4746,0.9524,1.0,1.0,1.0,0.8643,0.887,1.0,0.6703,0.5946,0.7204,0.8843,0.7331,0.4685,1.0,0.0307,1.0,0.473,0.5814,0.4906,0.9524,1.0,1.0,1.0,0.8643,0.887,1.0,0.6703,0.5944,0.8049,0.8843,0.7612,0.4703,1.0,0.1021,1.0,0.4756,0.7544,0.4811,0.9524,1.0,1.0,1.0,0.8643,0.887,1.0,0.6703,0.6096,0.8376,0.8843,0.7772,0.472,1.0,0.0197,0.9831,0.4782,0.1443,0.5033,0.9524,1.0,1.0,1.0,0.8643,0.887,1.0,0.6703,0.5906,0.72,0.8843,0.7316,0.4735,1.0,0.1822,0.9974,0.4808,1.0,0.5236,0.9524,1.0,1.0,1.0,0.8643,0.887,1.0,0.6703,0.6268,0.8952,0.8843,0.8021
DE,Germany,0.2539,0.0,0.9929,0.0065,0.688,0.8889,0.9187,0.1111,0.2545,0.0059,0.5,0.4857,0.4175,0.6183,0.2426,0.3883,0.4358,0.4528,0.4256,0.2533,0.0,0.993,0.0065,0.6876,0.4643,0.9198,0.1111,0.2241,0.0059,0.5,0.4857,0.4175,0.6181,0.2427,0.3881,0.345,0.4528,0.3953,0.2527,0.0,0.993,0.0065,0.6873,1.0,0.921,0.1111,0.2241,0.0088,0.5,0.4857,0.4174,0.618,0.2426,0.3879,0.453,0.4527,0.4312,0.2522,0.0,0.993,0.0066,0.6869,1.0,0.9222,0.1111,0.2241,0.0103,0.5,0.4857,0.4174,0.6179,0.2427,0.3877,0.4535,0.4527,0.4313,0.2516,0.0,0.993,0.0066,0.6865,0.2463,0.9233,0.1111,0.2265,0.0102,0.5,0.4857,0.4174,0.6177,0.2427,0.3875,0.3035,0.4527,0.3812,0.2509,0.0,0.993,0.0066,0.6863,0.9643,0.9223,0.1111,0.2265,0.0116,0.5,0.4857,0.4174,0.6175,0.2426,0.3874,0.4472,0.4526,0.4291,0.2499,0.0,0.993,0.0065,0.6861,0.3968,0.916,0.1111,0.2242,0.0116,0.5,0.4857,0.4174,0.6174,0.2427,0.3871,0.3319,0.4526,0.3905,0.2492,0.0,0.9931,0.0065,0.6859,0.2941,0.8714,0.1111,0.2242,0.0087,0.5,0.4857,0.4174,0.6172,0.2426,0.3869,0.3019,0.4526,0.3805,0.2483,0.0,0.9931,0.0065,0.6857,0.0,0.8891,0.1111,0.2236,0.0115,0.5,0.4857,0.4174,0.617,0.2426,0.3867,0.2471,0.4525,0.3621,0.2475,0.0,0.9931,0.0067,0.6855,1.0,0.8977,0.1111,0.214,0.0168,0.5,0.4857,0.4174,0.6168,0.2427,0.3866,0.4479,0.4525,0.429,0.247,0.0,0.9931,0.0067,0.6853,1.0,0.8885,0.1111,0.214,0.0164,0.5,0.4857,0.4174,0.6165,0.2427,0.3864,0.446,0.4525,0.4283,0.2469,0.0,0.9931,0.0068,0.685,0.5,0.8866,0.1111,0.2014,0.0085,0.5,0.4857,0.4174,0.6162,0.2427,0.3864,0.3415,0.4524,0.3934,0.2465,0.0,0.9931,0.0068,0.6849,0.7347,0.8842,0.1111,0.1969,0.007,0.5,0.4857,0.4174,0.616,0.2427,0.3863,0.3868,0.4524,0.4085,0.2464,0.0,0.9931,0.0081,0.6847,0.119,0.895,0.1111,0.2013,0.0069,1.0,0.4857,0.4174,0.6156,0.2427,0.3865,0.2667,0.5523,0.4018,0.2459,0.0,0.9875,0.0094,0.6846,0.075,0.9054,0.1111,0.182,0.004,0.0,0.4857,0.4174,0.6153,0.2427,0.3855,0.2555,0.3522,0.3311,0.2458,0.0,0.9874,0.0095,0.6846,0.5814,0.9597,0.1111,0.1767,0.0027,0.0,0.4857,0.4174,0.6149,0.2427,0.3855,0.3663,0.3521,0.368,0.2453,0.0,0.9876,0.0079,0.6845,0.3684,0.9767,0.1111,0.1781,0.0104,0.0,0.4857,0.4174,0.6144,0.2427,0.3851,0.3289,0.352,0.3553,0.2452,0.0,0.9874,0.0078,0.6843,0.6289,0.9648,0.1111,0.1779,0.0117,0.0,0.4857,0.4174,0.6139,0.2427,0.3849,0.3789,0.3519,0.3719,0.2447,0.0,0.9873,0.0093,0.6842,0.3352,0.9812,0.1111,0.1697,0.0165,0.0,0.4857,0.4174,0.6133,0.2427,0.3851,0.3227,0.3518,0.3532
DK,Denmark,1.0,0.0905,1.0,0.0,0.766,0.8889,0.7288,0.127,0.0,0.0045,0.5,0.1928,0.5044,0.3779,1.0,0.5713,0.3498,0.515,0.4787,1.0,0.0871,1.0,0.0,0.7657,0.4643,0.7437,0.127,0.0,0.0044,0.5,0.1929,0.5043,0.3777,1.0,0.5706,0.2679,0.515,0.4512,1.0,0.084,1.0,0.0,0.7655,1.0,0.7588,0.127,0.0,0.0088,0.5,0.1929,0.5043,0.3776,1.0,0.5699,0.3789,0.515,0.4879,1.0,0.0811,1.0,0.0,0.7652,1.0,0.7741,0.127,0.0,0.0103,0.5,0.1929,0.5043,0.3774,1.0,0.5693,0.3823,0.5149,0.4888,1.0,0.0784,1.0,0.0,0.7649,0.2463,0.7892,0.127,0.0,0.0102,0.5,0.1929,0.5043,0.3773,1.0,0.5687,0.2345,0.5149,0.4394,1.0,0.0766,1.0,0.0,0.7647,0.9643,0.8022,0.127,0.0,0.0102,0.5,0.1928,0.5044,0.3771,1.0,0.5683,0.3807,0.5149,0.488,1.0,0.0749,1.0,0.0,0.7646,0.3968,0.8108,0.127,0.0,0.0102,0.5,0.1929,0.5044,0.3769,1.0,0.5679,0.269,0.5148,0.4506,1.0,0.0733,1.0,0.0,0.7644,0.2941,0.7965,0.127,0.0,0.0072,0.5,0.1929,0.5044,0.3767,1.0,0.5675,0.245,0.5148,0.4424,1.0,0.0717,1.0,0.0,0.7643,0.0,0.7912,0.127,0.0,0.0072,0.5,0.1929,0.5044,0.3765,1.0,0.5672,0.1851,0.5148,0.4224,1.0,0.0702,1.0,0.0,0.7641,1.0,0.8358,0.127,0.0128,0.0182,0.5,0.1929,0.5043,0.3762,1.0,0.5669,0.3988,0.5147,0.4935,1.0,0.0701,1.0,0.0,0.764,1.0,0.7891,0.127,0.0128,0.0178,0.5,0.1929,0.5043,0.376,1.0,0.5668,0.3893,0.5146,0.4902,1.0,0.07,1.0,0.0,0.7638,0.5,0.7342,0.127,0.0121,0.0014,0.5,0.1929,0.5043,0.3757,1.0,0.5668,0.2749,0.5146,0.4521,1.0,0.0699,1.0,0.0,0.7638,0.7347,0.7092,0.127,0.0118,0.0028,0.5,0.1929,0.5043,0.3753,1.0,0.5667,0.3171,0.5145,0.4661,1.0,0.0698,1.0,0.0,0.7638,0.119,0.7142,0.127,0.0192,0.0,1.0,0.1929,0.5044,0.375,1.0,0.5667,0.1959,0.6145,0.459,1.0,0.0697,1.0,0.0,0.7639,0.175,0.6903,0.127,0.0,0.004,1.0,0.1929,0.5043,0.3746,1.0,0.5667,0.1993,0.6144,0.4601,1.0,0.0696,1.0,0.0,0.7641,0.5814,0.7118,0.127,0.0,0.012,0.0,0.1929,0.5044,0.3742,1.0,0.5667,0.2864,0.4143,0.4225,1.0,0.0695,1.0,0.0,0.7641,0.3684,0.7488,0.127,0.0,0.0312,0.0,0.1928,0.5043,0.3737,1.0,0.5667,0.2551,0.4142,0.412,1.0,0.0694,1.0,0.0,0.7641,0.6289,0.8045,0.127,0.0,0.0195,0.0,0.1929,0.5044,0.3731,1.0,0.5667,0.316,0.4141,0.4323,1.0,0.0693,1.0,0.0,0.7642,0.3352,0.8117,0.127,0.0,0.0063,0.0,0.1929,0.5043,0.3725,1.0,0.5667,0.256,0.4139,0.4122
ES,Spain,0.2867,0.1236,0.97,0.0156,0.7537,0.8889,0.9721,0.4127,0.1929,0.0178,0.5,0.6714,0.7652,0.5906,0.2438,0.4299,0.4969,0.5542,0.4937,0.2931,0.1194,0.9706,0.0156,0.7553,0.4643,0.9698,0.4127,0.1698,0.0176,0.5,0.6715,0.7652,0.5905,0.2437,0.4308,0.4068,0.5542,0.4639,0.2993,0.1156,0.9706,0.0156,0.7568,1.0,0.9677,0.4127,0.1698,0.0219,0.5,0.6714,0.7652,0.5903,0.2437,0.4316,0.5144,0.5541,0.5,0.3056,0.1122,0.9707,0.0158,0.7585,1.0,0.9656,0.4127,0.1698,0.025,0.5,0.6714,0.7651,0.5902,0.2437,0.4326,0.5146,0.5541,0.5004,0.3121,0.1088,0.9707,0.0159,0.76,0.2463,0.9633,0.4127,0.1716,0.0249,0.5,0.6714,0.7652,0.59,0.2437,0.4335,0.3638,0.5541,0.4505,0.3144,0.1067,0.9707,0.0159,0.7617,0.9643,0.9586,0.4127,0.1535,0.0247,0.5,0.6714,0.7652,0.5899,0.2437,0.4339,0.5028,0.554,0.4969,0.3167,0.1047,0.9818,0.0143,0.7634,0.5238,0.9487,0.4127,0.152,0.0247,0.5,0.6714,0.7652,0.5897,0.2437,0.4362,0.4124,0.554,0.4675,0.3191,0.1029,0.982,0.0181,0.7651,0.2941,0.9028,0.4127,0.152,0.0203,0.5,0.6714,0.7652,0.5895,0.2437,0.4374,0.3564,0.554,0.4493,0.3214,0.1011,0.982,0.0324,0.7668,0.0,0.909,0.4127,0.1516,0.0231,0.5,0.6714,0.7652,0.5893,0.2437,0.4407,0.2993,0.5539,0.4313,0.3238,0.0993,0.982,0.0428,0.7686,1.0,0.9195,0.4127,0.1937,0.0265,0.5,0.6714,0.7652,0.589,0.2437,0.4433,0.5105,0.5539,0.5026,0.3246,0.0995,0.982,0.043,0.7703,1.0,0.9108,0.4127,0.1937,0.0273,0.5,0.6714,0.7652,0.5888,0.2437,0.4439,0.5089,0.5538,0.5022,0.3254,0.0997,0.982,0.0432,0.7721,0.5,0.9213,0.4127,0.1823,0.0282,0.5,0.6714,0.7652,0.5885,0.2437,0.4445,0.4089,0.5538,0.4691,0.3262,0.1001,0.982,0.0366,0.7725,0.7347,0.9057,0.4127,0.1782,0.0278,0.5,0.6714,0.7652,0.5882,0.2437,0.4435,0.4518,0.5537,0.483,0.327,0.1002,0.982,0.0376,0.7729,0.119,0.9208,0.4127,0.2272,0.0291,1.0,0.6714,0.7652,0.5879,0.2437,0.4439,0.3418,0.6536,0.4798,0.3278,0.1004,0.982,0.0283,0.7733,0.175,0.9311,0.4127,0.1967,0.0202,1.0,0.6714,0.7652,0.5875,0.2437,0.4424,0.3471,0.6536,0.481,0.3286,0.1006,0.9819,0.0218,0.7738,0.5814,0.9686,0.4127,0.1827,0.0146,1.0,0.6714,0.7652,0.5871,0.2437,0.4413,0.432,0.6535,0.5089,0.3295,0.101,0.9821,0.0172,0.7742,0.3684,0.9791,0.4127,0.1661,0.0273,1.0,0.6714,0.7652,0.5866,0.2437,0.4408,0.3907,0.6534,0.495,0.3302,0.1012,0.9452,0.022,0.7746,0.3608,0.9655,0.4127,0.2298,0.0325,1.0,0.6714,0.7652,0.5861,0.2437,0.4346,0.4003,0.6533,0.4961,0.3311,0.1014,0.9449,0.0317,0.775,0.3352,0.9979,0.4127,0.1961,0.0165,1.0,0.6714,0.7652,0.5855,0.2437,0.4368,0.3917,0.6532,0.4939
FR,France,0.1922,0.0861,0.9444,0.0495,0.6921,0.8889,0.9771,0.3651,0.2404,0.0282,0.5,0.6357,0.5216,0.6836,0.1439,0.3929,0.4999,0.497,0.4633,0.1914,0.0831,0.9454,0.0443,0.6917,0.4643,0.9761,0.3651,0.2117,0.0279,0.5,0.6357,0.5217,0.6835,0.1439,0.3912,0.409,0.497,0.4324,0.1909,0.0803,0.9454,0.0443,0.6912,1.0,0.9753,0.3651,0.2117,0.0321,0.5,0.6357,0.5217,0.6834,0.1439,0.3904,0.5168,0.4969,0.468,0.1903,0.0777,0.9456,0.0448,0.6908,1.0,0.9745,0.3651,0.2117,0.0338,0.5,0.6357,0.5217,0.6833,0.1439,0.3898,0.517,0.4969,0.4679,0.1895,0.0753,0.9456,0.045,0.6903,0.2463,0.9735,0.3651,0.2139,0.0336,0.5,0.6358,0.5218,0.6831,0.1439,0.3891,0.3665,0.4969,0.4175,0.1888,0.074,0.9455,0.0437,0.6901,0.9643,0.9704,0.3651,0.2139,0.0334,0.5,0.6357,0.5217,0.683,0.1439,0.3884,0.5094,0.4969,0.4649,0.1882,0.0725,0.9455,0.0429,0.6897,0.3968,0.9617,0.3651,0.2118,0.0334,0.5,0.6357,0.5218,0.6828,0.1439,0.3878,0.3938,0.4968,0.4261,0.1877,0.0711,0.9459,0.0427,0.6895,0.2941,0.9207,0.3651,0.2118,0.0304,0.5,0.6357,0.5218,0.6827,0.1439,0.3874,0.3644,0.4968,0.4162,0.1871,0.0698,0.9487,0.0427,0.6892,1.0,0.9224,0.3651,0.2112,0.0346,0.5,0.6357,0.5218,0.6825,0.1439,0.3875,0.5067,0.4968,0.4637,0.1864,0.0685,0.9487,0.0455,0.6889,1.0,0.9363,0.3651,0.2029,0.0349,0.5,0.6357,0.5217,0.6823,0.1439,0.3876,0.5078,0.4967,0.464,0.1861,0.0686,0.9487,0.0457,0.6886,1.0,0.9259,0.3651,0.2163,0.0383,0.5,0.6357,0.5217,0.6821,0.1439,0.3875,0.5091,0.4967,0.4644,0.1862,0.0686,0.9487,0.0459,0.6884,0.5,0.9097,0.3651,0.2036,0.0339,0.5,0.6357,0.5217,0.6818,0.1439,0.3876,0.4025,0.4966,0.4289,0.1859,0.0687,0.9487,0.0461,0.6883,0.7347,0.9122,0.3651,0.199,0.0334,0.5,0.6357,0.5217,0.6816,0.1439,0.3875,0.4489,0.4966,0.4443,0.186,0.0688,0.9487,0.0443,0.6883,0.119,0.9143,0.3651,0.2034,0.0277,1.0,0.6357,0.5217,0.6813,0.1439,0.3872,0.3259,0.5965,0.4365,0.1857,0.069,0.9487,0.0553,0.6883,0.175,0.9157,0.3651,0.184,0.0242,0.0,0.6357,0.5217,0.681,0.1439,0.3894,0.3328,0.3965,0.3729,0.1858,0.0691,0.9079,0.0559,0.6884,0.2442,0.9562,0.3651,0.1483,0.0293,0.0,0.6357,0.5218,0.6806,0.1439,0.3814,0.3486,0.3964,0.3755,0.1855,0.0691,0.9379,0.0529,0.6884,0.5526,0.9655,0.3651,0.2162,0.0625,0.0,0.6357,0.5217,0.6802,0.1439,0.3868,0.4324,0.3963,0.4052,0.1855,0.0692,0.9031,0.0571,0.6883,0.3814,0.9445,0.3651,0.2159,0.061,0.0,0.6357,0.5217,0.6797,0.1439,0.3806,0.3936,0.3962,0.3901,0.1852,0.0693,0.9435,0.0516,0.6883,0.4972,0.9685,0.3651,0.2479,0.057,0.0,0.6357,0.5217,0.6792,0.1439,0.3876,0.4271,0.3961,0.4036
GB,United Kingdom,0.1511,0.0397,0.9344,0.0273,0.6305,0.8889,0.8355,0.0794,0.2065,0.0534,0.5,0.1786,0.2782,0.5273,0.3205,0.3566,0.4127,0.3609,0.3767,0.1508,0.0385,0.9356,0.0273,0.6303,0.4643,0.8357,0.0794,0.1818,0.0528,0.5,0.1786,0.2783,0.5271,0.3204,0.3565,0.3228,0.3609,0.3467,0.1503,0.0371,0.9356,0.0273,0.63,1.0,0.8361,0.0794,0.1818,0.0555,0.5,0.1786,0.2783,0.527,0.3204,0.3561,0.4306,0.3609,0.3825,0.1498,0.036,0.9358,0.0303,0.6297,1.0,0.8365,0.0794,0.1818,0.0573,0.5,0.1786,0.2782,0.5268,0.3204,0.3563,0.431,0.3608,0.3827,0.1495,0.0348,0.9358,0.0305,0.6294,0.2463,0.8367,0.0794,0.1837,0.057,0.5,0.1786,0.2782,0.5267,0.3204,0.356,0.2806,0.3608,0.3325,0.1489,0.0342,0.9358,0.0305,0.6292,0.9643,0.8351,0.0794,0.1837,0.0567,0.5,0.1786,0.2783,0.5265,0.3204,0.3557,0.4238,0.3608,0.3801,0.1484,0.0334,0.9358,0.0312,0.6292,0.3968,0.8287,0.0794,0.1819,0.0581,0.5,0.1786,0.2783,0.5263,0.3204,0.3556,0.309,0.3607,0.3418,0.1479,0.0329,0.9362,0.0311,0.6291,0.2941,0.7941,0.0794,0.1819,0.055,0.5,0.1786,0.2782,0.5261,0.3204,0.3554,0.2809,0.3607,0.3323,0.1474,0.0322,0.9362,0.0311,0.6289,0.0,0.8075,0.0794,0.1814,0.0693,0.5,0.1786,0.2783,0.5259,0.3204,0.3552,0.2275,0.3606,0.3144,0.1468,0.0317,0.9362,0.0307,0.6288,1.0,0.8099,0.0794,0.1761,0.0964,0.5,0.1786,0.2783,0.5256,0.3204,0.3548,0.4324,0.3606,0.3826,0.1465,0.0318,0.9362,0.0309,0.6288,1.0,0.7929,0.0794,0.1761,0.0956,0.5,0.1786,0.2782,0.5254,0.3204,0.3548,0.4288,0.3605,0.3814,0.1464,0.0318,0.9362,0.0311,0.6287,0.5,0.7997,0.0794,0.1657,0.0889,0.5,0.1786,0.2783,0.5251,0.3204,0.3548,0.3267,0.3605,0.3473,0.146,0.0319,0.9362,0.0312,0.6284,0.7347,0.8073,0.0794,0.1619,0.0876,0.5,0.1786,0.2782,0.5248,0.3204,0.3547,0.3742,0.3604,0.3631,0.1459,0.0318,0.9362,0.0242,0.6281,0.119,0.8138,0.0794,0.1669,0.0776,1.0,0.1786,0.2783,0.5244,0.3204,0.3532,0.2513,0.4603,0.3549,0.1455,0.032,0.9362,0.0243,0.6278,0.175,0.8105,0.0794,0.1476,0.0605,0.0,0.1786,0.2783,0.524,0.3204,0.3532,0.2546,0.2603,0.2894,0.1454,0.0319,0.9428,0.0355,0.6275,0.6395,0.8277,0.0794,0.1434,0.0691,0.0,0.1786,0.2783,0.5236,0.3204,0.3566,0.3518,0.2602,0.3229,0.1451,0.032,0.8855,0.0384,0.6272,0.0,0.8277,0.0794,0.1445,0.0859,0.0,0.1786,0.2783,0.5231,0.3204,0.3456,0.2275,0.2601,0.2777,0.1449,0.032,0.8806,0.048,0.627,0.6082,0.8468,0.0794,0.1443,0.1026,0.0,0.1786,0.2783,0.5225,0.3204,0.3465,0.3563,0.26,0.3209,0.1446,0.0321,0.8983,0.0476,0.6267,0.4078,0.8526,0.0794,0.1376,0.0951,0.0,0.1786,0.2783,0.5219,0.3204,0.3499,0.3145,0.2598,0.3081
IN,India,0.0,0.5585,0.6947,0.5339,0.0,0.8889,0.0654,0.7778,0.3233,0.3368,0.5,0.9286,0.9565,0.4364,0.2227,0.3574,0.4784,0.6088,0.4815,0.0,0.5532,0.7213,0.5339,0.0,1.0,0.0671,0.7778,0.3719,0.3358,0.5,0.9286,0.9564,0.4363,0.2226,0.3617,0.5105,0.6088,0.4937,0.0,0.5482,0.7213,0.5339,0.0,1.0,0.0689,0.7778,0.3719,0.3343,0.5,0.9286,0.9564,0.4361,0.2227,0.3607,0.5106,0.6088,0.4934,0.0,0.5434,0.7225,0.5402,0.0,1.0,0.0705,0.7778,0.3719,0.3377,0.5,0.9286,0.9564,0.436,0.2226,0.3612,0.5116,0.6087,0.4938,0.0,0.5392,0.7225,0.543,0.0,0.2463,0.0723,0.7778,0.3759,0.3363,0.5,0.9286,0.9566,0.4358,0.2226,0.3609,0.3617,0.6087,0.4438,0.0,0.5278,0.7221,0.543,0.0,0.9643,0.0739,0.7778,0.3759,0.3445,0.5,0.9286,0.9565,0.4356,0.2226,0.3586,0.5073,0.6087,0.4915,0.0,0.517,0.7221,0.5208,0.0,0.3968,0.0749,0.7778,0.3721,0.3454,0.5,0.9286,0.9565,0.4354,0.2227,0.352,0.3934,0.6086,0.4513,0.0,0.5066,0.724,0.5168,0.0,0.2941,0.0632,0.7778,0.3721,0.3415,0.5,0.9286,0.9565,0.4352,0.2226,0.3495,0.3697,0.6086,0.4426,0.0,0.4967,0.724,0.5142,0.0,0.0,0.0912,0.7778,0.3706,0.3521,0.5,0.9286,0.9565,0.435,0.2226,0.347,0.3183,0.6085,0.4246,0.0,0.4872,0.724,0.5254,0.0,1.0,0.0783,0.7778,0.3504,0.317,0.5,0.9286,0.9565,0.4347,0.2226,0.3473,0.5047,0.6085,0.4868,0.0,0.4873,0.681,0.5457,0.0,0.7328,0.089,0.7778,0.4457,0.3429,0.5,0.9286,0.9565,0.4344,0.2227,0.3428,0.4776,0.6084,0.4763,0.0,0.4874,0.681,0.6135,0.0,0.5,0.1289,0.7778,0.4742,0.4175,0.5,0.9286,0.9565,0.4341,0.2226,0.3564,0.4597,0.6084,0.4748,0.0,0.4875,0.681,0.6287,0.0,0.7347,0.151,0.7778,0.4635,0.4576,0.5,0.9286,0.9565,0.4338,0.2227,0.3594,0.5169,0.6083,0.4949,0.0,0.4876,0.681,0.6577,0.0,0.119,0.1671,0.7778,0.4759,0.4765,1.0,0.9286,0.9565,0.4335,0.2226,0.3653,0.4033,0.7082,0.4923,0.0,0.4878,0.681,0.6761,0.0,0.175,0.1931,0.7778,0.464,0.4516,1.0,0.9286,0.9565,0.4331,0.2226,0.369,0.4123,0.7082,0.4965,0.0,0.4879,0.6736,0.6753,0.0,0.5349,0.2129,0.7778,0.4363,0.5146,1.0,0.9286,0.9565,0.4326,0.2226,0.3674,0.4953,0.7081,0.5236,0.0,0.488,0.6193,0.713,0.0,0.0,0.2362,0.7778,0.4814,0.5391,1.0,0.9286,0.9565,0.4321,0.2226,0.3641,0.4069,0.708,0.493,0.0,0.4881,0.5843,0.7237,0.0,0.4227,0.2533,0.7778,0.4824,0.4766,1.0,0.9286,0.9565,0.4316,0.2227,0.3592,0.4826,0.7079,0.5166,0.0,0.4882,0.5734,0.7579,0.0,0.3017,0.27,0.7778,0.4602,0.5082,1.0,0.9286,0.9565,0.4309,0.2226,0.3639,0.4636,0.7077,0.5117
IT,Italy,0.1737,0.0773,0.9743,0.1667,0.6675,0.8889,0.8685,0.4762,0.2025,0.0564,0.5,0.6857,0.7999,0.5764,0.1418,0.4119,0.4985,0.5408,0.4837,0.1729,0.0746,0.9748,0.1667,0.667,0.4643,0.8631,0.4762,0.0649,0.0528,0.5,0.6857,0.8,0.5763,0.1416,0.4112,0.3843,0.5407,0.4454,0.1722,0.0719,0.9748,0.1302,0.6664,1.0,0.858,0.4762,0.0649,0.0555,0.5,0.6857,0.8,0.5761,0.1416,0.4031,0.4909,0.5407,0.4782,0.1716,0.0696,0.9749,0.1304,0.6659,1.0,0.8529,0.4762,0.0649,0.0558,0.5,0.6857,0.7999,0.576,0.1417,0.4025,0.49,0.5407,0.4777,0.1707,0.0673,0.9749,0.1735,0.6653,0.2463,0.8476,0.4762,0.1025,0.0643,0.5,0.6857,0.8,0.5758,0.1416,0.4103,0.3474,0.5406,0.4328,0.17,0.066,0.9749,0.1748,0.6649,0.9643,0.8402,0.4762,0.0655,0.0581,0.5,0.6857,0.8,0.5757,0.1416,0.4101,0.4809,0.5406,0.4772,0.1691,0.0645,0.9749,0.1494,0.6645,0.3968,0.8281,0.4762,0.0648,0.0566,0.5,0.6857,0.8,0.5755,0.1417,0.4045,0.3645,0.5406,0.4365,0.1684,0.0633,0.975,0.1256,0.6641,0.2941,0.7897,0.4762,0.0648,0.0535,0.5,0.6857,0.8,0.5753,0.1416,0.3993,0.3357,0.5405,0.4252,0.1675,0.0619,0.975,0.1269,0.6638,0.0,0.8028,0.4762,0.0646,0.0519,0.5,0.6857,0.8,0.5751,0.1417,0.399,0.2791,0.5405,0.4062,0.1668,0.0608,0.975,0.1417,0.6634,1.0,0.7933,0.4762,0.071,0.0726,0.5,0.6857,0.8,0.5748,0.1417,0.4015,0.4826,0.5404,0.4748,0.1665,0.0609,0.975,0.1425,0.663,1.0,0.7757,0.4762,0.071,0.071,0.5,0.6857,0.8,0.5746,0.1417,0.4016,0.4788,0.5404,0.4736,0.1664,0.0608,0.975,0.1432,0.6627,0.5,0.7517,0.4762,0.0668,0.0635,0.5,0.6857,0.8,0.5743,0.1417,0.4016,0.3716,0.5403,0.4378,0.1661,0.0608,0.975,0.1436,0.6624,0.7347,0.7485,0.4762,0.0653,0.0584,0.5,0.6857,0.8,0.574,0.1417,0.4016,0.4166,0.5403,0.4528,0.1659,0.0608,0.975,0.1221,0.6622,0.119,0.7758,0.4762,0.0718,0.0443,1.0,0.6857,0.8,0.5736,0.1417,0.3972,0.2974,0.6402,0.4449,0.1658,0.0608,0.975,0.1323,0.6619,0.175,0.7876,0.4762,0.0526,0.0444,1.0,0.6857,0.8,0.5733,0.1417,0.3992,0.3072,0.6401,0.4488,0.1657,0.0608,0.9749,0.1337,0.6616,0.5814,0.8318,0.4762,0.0511,0.0399,1.0,0.6857,0.8,0.5728,0.1417,0.3993,0.3961,0.64,0.4785,0.1654,0.0608,0.9752,0.1349,0.6613,0.3684,0.8472,0.4762,0.1037,0.069,1.0,0.6857,0.8,0.5724,0.1417,0.3995,0.3729,0.64,0.4708,0.1652,0.0607,0.9747,0.1232,0.6611,0.6289,0.8429,0.4762,0.1036,0.0649,1.0,0.6857,0.8,0.5718,0.1417,0.397,0.4233,0.6398,0.4867,0.1649,0.0608,0.9746,0.127,0.6608,0.3352,0.8695,0.4762,0.1411,0.0507,1.0,0.6857,0.8,0.5712,0.1417,0.3976,0.3745,0.6397,0.4706
JP,Japan,0.0956,0.702,0.9715,0.0547,0.399,0.8889,0.56,0.6825,0.4462,0.0475,0.5,0.7428,0.6434,0.7672,0.4663,0.4446,0.525,0.6239,0.5312,0.0951,0.6908,0.972,0.0547,0.3983,0.4643,0.5616,0.6825,0.3928,0.0469,0.5,0.7429,0.6435,0.7671,0.4663,0.4422,0.4296,0.624,0.4986,0.0944,0.6803,0.972,0.0547,0.3976,1.0,0.5634,0.6825,0.3928,0.0511,0.5,0.7429,0.6434,0.7671,0.4663,0.4398,0.538,0.6239,0.5339,0.0937,0.6706,0.9721,0.0553,0.3968,1.0,0.5652,0.6825,0.3928,0.0529,0.5,0.7429,0.6434,0.767,0.4663,0.4377,0.5387,0.6239,0.5334,0.0932,0.6616,0.9721,0.0556,0.3961,0.2463,0.5669,0.6825,0.397,0.0512,0.5,0.7429,0.6435,0.7668,0.4664,0.4357,0.3888,0.6239,0.4828,0.0925,0.647,0.9721,0.0556,0.3957,0.9643,0.5672,0.6825,0.397,0.0494,0.5,0.7429,0.6435,0.7667,0.4663,0.4326,0.5321,0.6239,0.5295,0.0919,0.6332,0.9721,0.0545,0.3953,0.3968,0.5643,0.6825,0.3931,0.0493,0.5,0.7429,0.6435,0.7666,0.4663,0.4294,0.4172,0.6239,0.4902,0.091,0.6199,0.9723,0.0544,0.3949,0.2941,0.5379,0.6825,0.3931,0.0463,0.5,0.7429,0.6434,0.7665,0.4663,0.4265,0.3908,0.6238,0.4804,0.0904,0.607,0.9723,0.0544,0.3945,0.0,0.5523,0.6825,0.392,0.0476,0.5,0.7428,0.6435,0.7663,0.4663,0.4237,0.3349,0.6238,0.4608,0.0897,0.5949,0.9723,0.0588,0.3941,1.0,0.5561,0.6825,0.3655,0.0628,0.5,0.7429,0.6434,0.7662,0.4663,0.422,0.5334,0.6238,0.5264,0.0894,0.5945,0.9723,0.0645,0.3937,1.0,0.5485,0.6825,0.3655,0.0615,0.5,0.7429,0.6435,0.766,0.4663,0.4229,0.5316,0.6237,0.5261,0.0894,0.5941,0.9723,0.0635,0.3933,0.5,0.5531,0.6825,0.333,0.0536,0.5,0.7429,0.6435,0.7658,0.4663,0.4225,0.4244,0.6237,0.4902,0.089,0.5937,0.9723,0.0691,0.393,0.7347,0.5619,0.6825,0.3255,0.0529,0.5,0.7429,0.6435,0.7656,0.4663,0.4234,0.4715,0.6237,0.5062,0.0889,0.5933,0.9723,0.0671,0.3928,0.119,0.5745,0.6825,0.3279,0.0512,1.0,0.7428,0.6435,0.7654,0.4663,0.4229,0.351,0.7236,0.4992,0.0887,0.593,0.9723,0.0675,0.3925,0.175,0.5728,0.6825,0.2527,0.0349,1.0,0.7429,0.6435,0.7651,0.4663,0.4228,0.3436,0.7236,0.4967,0.0885,0.5924,0.9721,0.0682,0.3924,0.5814,0.5811,0.6825,0.2511,0.0372,0.0,0.7429,0.6435,0.7648,0.4663,0.4227,0.4267,0.5235,0.4576,0.0882,0.592,0.9724,0.0635,0.3922,0.3684,0.5886,0.6825,0.2531,0.0664,0.0,0.7429,0.6435,0.7645,0.4663,0.4217,0.3918,0.5234,0.4456,0.0882,0.5916,0.9719,0.061,0.3919,0.6289,0.5867,0.6825,0.2527,0.0675,0.0,0.7429,0.6435,0.7641,0.4663,0.4209,0.4437,0.5234,0.4627,0.0878,0.5912,0.9718,0.0635,0.3917,0.3352,0.5959,0.6825,0.2411,0.0494,0.0,0.7429,0.6435,0.7637,0.4663,0.4212,0.3808,0.5233,0.4418
KE,Kenya,0.0545,0.1611,0.5107,0.8034,0.0969,0.8889,0.4006,0.8889,0.4153,0.5059,0.5,0.9858,0.9912,0.1077,0.1653,0.3253,0.6199,0.55,0.4984,0.0561,0.1605,0.5196,0.7591,0.0982,0.4643,0.3841,0.8889,0.3656,0.5029,0.5,0.9857,0.9912,0.1076,0.1652,0.3187,0.5212,0.5499,0.4633,0.0578,0.1598,0.5196,0.7591,0.0996,1.0,0.3678,0.8889,0.3655,0.508,0.5,0.9858,0.9912,0.1075,0.1652,0.3192,0.626,0.5499,0.4984,0.0592,0.1592,0.5216,0.7694,0.1009,1.0,0.3513,0.8889,0.3655,0.5492,0.5,0.9857,0.9912,0.1075,0.1652,0.3221,0.631,0.5499,0.501,0.0609,0.1587,0.5216,0.7563,0.1023,0.2463,0.3349,0.8889,0.3694,0.5146,0.5,0.9857,0.9914,0.1074,0.1652,0.32,0.4708,0.5499,0.4469,0.0616,0.1562,0.5209,0.751,0.1028,0.9643,0.3177,0.8889,0.3694,0.4942,0.5,0.9857,0.9912,0.1073,0.1652,0.3185,0.6069,0.5499,0.4918,0.0624,0.1536,0.574,0.5325,0.1034,1.0,0.2987,0.8889,0.3103,0.4514,0.5,0.9857,0.9913,0.1072,0.1652,0.2852,0.5899,0.5499,0.475,0.0631,0.1514,0.577,0.5259,0.1039,0.2941,0.2532,0.8889,0.3103,0.4472,0.5,0.9857,0.9913,0.1071,0.1652,0.2843,0.4387,0.5499,0.4243,0.0639,0.1492,0.577,0.522,0.1045,0.0,0.2414,0.8889,0.3094,0.4473,0.5,0.9857,0.9913,0.107,0.1652,0.2833,0.3774,0.5498,0.4035,0.0647,0.1471,0.577,0.5294,0.105,1.0,0.2437,0.8889,0.3085,0.4008,0.5,0.9857,0.9913,0.1069,0.1652,0.2846,0.5684,0.5498,0.4676,0.0647,0.1477,0.577,0.5282,0.1056,1.0,0.2197,0.8889,0.3131,0.3948,0.5,0.9857,0.9913,0.1068,0.1652,0.2846,0.5633,0.5498,0.4659,0.065,0.1485,0.577,0.5311,0.1061,0.5,0.2325,0.8889,0.2947,0.3977,0.5,0.9857,0.9913,0.1066,0.1652,0.2855,0.4628,0.5498,0.4327,0.0652,0.1493,0.577,0.5407,0.1066,0.7347,0.2847,0.8889,0.3171,0.3992,0.5,0.9857,0.9913,0.1065,0.1652,0.2878,0.5249,0.5497,0.4541,0.0654,0.1499,0.577,0.5195,0.1072,0.119,0.2814,0.8889,0.311,0.4501,1.0,0.9857,0.9913,0.1063,0.1652,0.2838,0.4101,0.6497,0.4479,0.0655,0.1507,0.577,0.5196,0.1078,0.175,0.2792,0.8889,0.3303,0.4046,1.0,0.9857,0.9913,0.1062,0.1652,0.2841,0.4156,0.6497,0.4498,0.0657,0.1515,0.6248,0.498,0.1083,1.0,0.2398,0.8889,0.3207,0.4016,1.0,0.9857,0.9913,0.106,0.1652,0.2897,0.5702,0.6496,0.5032,0.066,0.1523,0.5945,0.4881,0.1088,0.1491,0.2371,0.8889,0.3232,0.3659,1.0,0.9857,0.9913,0.1058,0.1652,0.2819,0.3928,0.6496,0.4414,0.0662,0.1529,0.6376,0.3671,0.1095,1.0,0.2526,0.8889,0.2274,0.3026,1.0,0.9857,0.9913,0.1055,0.1652,0.2667,0.5343,0.6495,0.4835,0.0663,0.1537,0.5819,0.3968,0.11,0.1229,0.2377,0.8889,0.1825,0.2839,1.0,0.9857,0.9913,0.1052,0.1652,0.2617,0.3432,0.6495,0.4181
KR,South Korea,0.1161,0.5916,0.9444,0.0625,0.4745,0.8889,0.0155,0.746,0.4154,0.0579,0.5,0.7143,0.6957,0.85,0.8522,0.4378,0.4247,0.7224,0.5283,0.1172,0.5898,0.9454,0.0625,0.4768,0.4643,0.0231,0.746,0.3658,0.0572,0.5,0.7143,0.6955,0.85,0.8523,0.4383,0.3313,0.7224,0.4973,0.1182,0.5881,0.9454,0.0625,0.479,1.0,0.031,0.746,0.3658,0.0613,0.5,0.7143,0.6955,0.8499,0.8522,0.4386,0.4408,0.7224,0.5339,0.1192,0.5865,0.9456,0.0646,0.4812,1.0,0.0386,0.746,0.3658,0.0646,0.5,0.7143,0.6956,0.8498,0.8522,0.4394,0.443,0.7224,0.5349,0.1203,0.5851,0.8996,0.1219,0.4834,0.0,0.0462,0.746,0.3876,0.1155,0.5,0.7143,0.6957,0.8498,0.8522,0.4421,0.2591,0.7224,0.4745,0.1212,0.5742,0.8994,0.1219,0.4842,0.9643,0.054,0.746,0.3876,0.1163,0.5,0.7143,0.6956,0.8497,0.8522,0.4402,0.4536,0.7224,0.5387,0.122,0.5638,0.8994,0.1208,0.4849,0.3968,0.0611,0.746,0.3838,0.1147,0.5,0.7143,0.6957,0.8496,0.8522,0.4382,0.3405,0.7224,0.5004,0.1229,0.5538,0.9001,0.1205,0.4857,0.2941,0.0502,0.746,0.3838,0.1114,0.5,0.7143,0.6956,0.8495,0.8522,0.4366,0.3171,0.7223,0.492,0.1238,0.5441,0.9001,0.1308,0.4864,0.0,0.0735,0.746,0.3827,0.1126,0.5,0.7143,0.6957,0.8494,0.8522,0.437,0.263,0.7223,0.4741,0.1247,0.5349,0.9001,0.1778,0.4871,1.0,0.0824,0.746,0.3794,0.1257,0.5,0.7143,0.6956,0.8493,0.8522,0.4449,0.4667,0.7223,0.5446,0.125,0.5363,0.9001,0.1788,0.4878,1.0,0.0787,0.746,0.3794,0.1298,0.5,0.7143,0.6956,0.8492,0.8522,0.4456,0.4668,0.7223,0.5449,0.1255,0.5377,0.9001,0.2108,0.4886,0.5,0.1016,0.746,0.357,0.1171,0.5,0.7143,0.6956,0.849,0.8522,0.4525,0.3643,0.7222,0.513,0.1258,0.5391,0.9001,0.2114,0.4894,0.7347,0.1296,0.746,0.349,0.1154,0.5,0.7143,0.6956,0.8489,0.8522,0.4532,0.4149,0.7222,0.5301,0.1262,0.5405,0.9515,0.0604,0.4902,1.0,0.1371,0.746,0.3332,0.0485,1.0,0.7143,0.6957,0.8487,0.8522,0.4338,0.453,0.8222,0.5697,0.1267,0.542,0.9653,0.0648,0.491,0.425,0.1471,0.746,0.2732,0.0417,1.0,0.7143,0.6956,0.8486,0.8522,0.438,0.3266,0.8221,0.5289,0.1272,0.5432,0.9763,0.0641,0.4918,0.6744,0.1645,0.746,0.343,0.0505,0.0,0.7143,0.6957,0.8484,0.8522,0.4405,0.3957,0.6221,0.4861,0.1275,0.5446,0.9766,0.0595,0.4926,0.3684,0.1694,0.746,0.3457,0.0495,0.0,0.7143,0.6956,0.8481,0.8522,0.4402,0.3358,0.622,0.466,0.128,0.5459,0.9761,0.0791,0.4933,0.6289,0.1795,0.746,0.3452,0.0416,0.0,0.7143,0.6957,0.8479,0.8522,0.4445,0.3882,0.622,0.4849,0.1283,0.5473,0.9322,0.0807,0.4942,0.162,0.1928,0.746,0.3034,0.0646,0.0,0.7143,0.6957,0.8476,0.8522,0.4365,0.2938,0.622,0.4508
MX,Mexico,0.1511,0.1104,0.5906,0.5326,0.4663,0.8889,0.75,0.6825,0.5167,0.3843,0.5,0.9357,0.9565,0.4018,0.0542,0.3702,0.6445,0.5696,0.5281,0.1543,0.1101,0.598,0.5326,0.4698,0.4643,0.7498,0.6825,0.4549,0.3798,0.5,0.9357,0.9564,0.4016,0.0541,0.373,0.5463,0.5696,0.4963,0.1573,0.1096,0.5868,0.5247,0.4732,0.9184,0.7497,0.6825,0.4549,0.4234,0.5,0.9357,0.9564,0.4015,0.054,0.3703,0.6458,0.5695,0.5285,0.1604,0.1092,0.5886,0.5455,0.4767,1.0,0.7496,0.6825,0.4617,0.4112,0.5,0.9357,0.9564,0.4013,0.054,0.3761,0.661,0.5695,0.5355,0.1636,0.109,0.5886,0.547,0.4801,0.2463,0.7496,0.6825,0.4666,0.4137,0.5,0.9357,0.9566,0.4012,0.0541,0.3777,0.5117,0.5695,0.4863,0.1654,0.1067,0.588,0.547,0.4811,0.9643,0.7475,0.6825,0.4666,0.4084,0.5,0.9357,0.9565,0.401,0.0541,0.3776,0.6539,0.5695,0.5337,0.1675,0.1047,0.588,0.5364,0.4822,0.3968,0.7413,0.6825,0.4434,0.4238,0.5,0.9357,0.9565,0.4008,0.0541,0.3758,0.5376,0.5694,0.4943,0.1693,0.1026,0.5908,0.535,0.4832,0.2941,0.7044,0.6825,0.4434,0.4168,0.5,0.9357,0.9565,0.4006,0.0541,0.3762,0.5082,0.5694,0.4846,0.1713,0.1007,0.5908,0.5712,0.4843,0.0,0.7074,0.6825,0.4422,0.4113,0.5,0.9357,0.9565,0.4004,0.0541,0.3837,0.4487,0.5693,0.4672,0.1732,0.0988,0.5798,0.6979,0.4853,0.2727,0.7233,0.6825,0.4899,0.412,0.5,0.9357,0.9565,0.4001,0.0541,0.407,0.5161,0.5693,0.4975,0.1739,0.099,0.5798,0.7016,0.4863,1.0,0.7087,0.6825,0.4899,0.4126,0.5,0.9357,0.9565,0.3998,0.0541,0.4081,0.6587,0.5692,0.5453,0.1746,0.099,0.5798,0.6892,0.4874,0.5,0.7243,0.6825,0.4611,0.3907,0.5,0.9357,0.9565,0.3995,0.0541,0.406,0.5517,0.5692,0.509,0.1754,0.099,0.5798,0.6911,0.4884,0.7347,0.7339,0.6825,0.4506,0.3894,0.5,0.9357,0.9565,0.3992,0.0541,0.4067,0.5982,0.5691,0.5247,0.1763,0.0992,0.5798,0.6913,0.4895,0.119,0.7471,0.6825,0.4168,0.367,1.0,0.9357,0.9565,0.3989,0.0541,0.4072,0.4665,0.669,0.5142,0.1768,0.0993,0.5798,0.6937,0.4906,0.175,0.7572,0.6825,0.3581,0.3226,1.0,0.9357,0.9565,0.3985,0.0541,0.408,0.4591,0.669,0.512,0.1777,0.0994,0.6234,0.6576,0.4918,0.9651,0.7673,0.6825,0.3034,0.3351,1.0,0.9357,0.9565,0.398,0.0541,0.41,0.6107,0.6689,0.5632,0.1785,0.0995,0.6262,0.6614,0.4928,0.3596,0.7784,0.6825,0.3573,0.3451,1.0,0.9357,0.9565,0.3975,0.0541,0.4117,0.5046,0.6688,0.5284,0.1792,0.0996,0.5885,0.6732,0.4939,0.4021,0.7922,0.6825,0.4441,0.3714,1.0,0.9357,0.9565,0.397,0.0541,0.4069,0.5385,0.6687,0.538,0.1799,0.0997,0.5014,0.7447,0.495,0.0,0.8197,0.6825,0.4462,0.3777,1.0,0.9357,0.9565,0.3963,0.0541,0.4041,0.4652,0.6685,0.5126
NG,Nigeria,0.0113,0.2163,0.0,1.0,0.0312,0.8889,0.0,1.0,0.3515,0.4911,0.5,1.0,1.0,0.0,0.0,0.2518,0.5463,0.5,0.4327,0.0118,0.2179,0.0,1.0,0.0321,0.0,0.0,1.0,0.3095,0.4853,0.5,1.0,1.0,0.0,0.0,0.2524,0.359,0.5,0.3705,0.0124,0.2193,0.0,1.0,0.0329,1.0,0.0,1.0,0.3095,0.4905,0.5,1.0,1.0,0.0,0.0,0.2529,0.56,0.5,0.4376,0.0131,0.2206,0.0,1.0,0.0338,0.8125,0.0,1.0,0.3095,0.4934,0.5,1.0,1.0,0.0,0.0,0.2535,0.5231,0.5,0.4255,0.0136,0.2218,0.0,1.0,0.0346,0.2463,0.0,1.0,0.3005,0.4883,0.5,1.0,1.0,0.0,0.0,0.254,0.407,0.5,0.387,0.0138,0.2173,0.0,1.0,0.0348,1.0,0.0,1.0,0.3005,0.4811,0.5,1.0,1.0,0.0,0.0,0.2532,0.5563,0.5,0.4365,0.014,0.213,0.0,1.0,0.0349,0.3968,0.0,1.0,0.262,0.479,0.5,1.0,1.0,0.0,0.0,0.2524,0.4276,0.5,0.3933,0.0141,0.2089,0.0,1.0,0.0351,0.0,0.0,1.0,0.2644,0.4747,0.5,1.0,1.0,0.0,0.0,0.2516,0.3478,0.5,0.3665,0.0143,0.2048,0.0,1.0,0.0352,0.0,0.0,1.0,0.2636,0.4733,0.5,1.0,1.0,0.0,0.0,0.2509,0.3474,0.5,0.3661,0.0145,0.201,0.0,1.0,0.0353,1.0,0.0,1.0,0.238,0.4511,0.5,1.0,1.0,0.0,0.0,0.2502,0.5378,0.5,0.4293,0.0145,0.2012,0.0,1.0,0.0355,1.0,0.0,1.0,0.238,0.4399,0.5,1.0,1.0,0.0,0.0,0.2502,0.5356,0.5,0.4286,0.0148,0.2014,0.0,0.9784,0.0356,0.5,0.0,1.0,0.224,0.4598,0.5,1.0,1.0,0.0,0.0,0.246,0.4368,0.5,0.3943,0.015,0.2016,0.0,0.9715,0.0358,0.7347,0.0,1.0,0.219,0.4409,0.5,1.0,1.0,0.0,0.0,0.2448,0.4789,0.5,0.4079,0.0152,0.2018,0.0,0.945,0.0359,0.119,0.0,1.0,0.2231,0.4418,1.0,1.0,1.0,0.0,0.0,0.2396,0.3568,0.6,0.3988,0.0152,0.2021,0.0,0.9906,0.0361,0.175,0.0,1.0,0.2037,0.4234,1.0,1.0,1.0,0.0,0.0,0.2488,0.3604,0.6,0.4031,0.0154,0.2021,0.0,0.9959,0.0362,0.6279,0.0,1.0,0.1978,0.4309,1.0,1.0,1.0,0.0,0.0,0.2499,0.4513,0.6,0.4337,0.0156,0.2023,0.0,0.9894,0.0364,0.2982,0.0,1.0,0.2546,0.4062,1.0,1.0,1.0,0.0,0.0,0.2487,0.3918,0.6,0.4135,0.0159,0.2025,0.0,1.0,0.0366,0.7629,0.0,1.0,0.2948,0.4013,1.0,1.0,1.0,0.0,0.0,0.251,0.4918,0.6,0.4476,0.0159,0.2027,0.0,1.0,0.0367,0.3575,0.0,1.0,0.2823,0.3967,1.0,1.0,1.0,0.0,0.0,0.2511,0.4073,0.6,0.4195
NL,Netherlands,0.5067,0.0155,0.9772,0.0182,0.6182,0.8889,0.7106,0.0635,0.5463,0.0326,0.5,0.15,0.3305,0.4587,0.6821,0.4272,0.4484,0.4243,0.4333,0.5058,0.0151,0.9776,0.0182,0.6178,0.4643,0.7286,0.0635,0.4811,0.0323,0.5,0.15,0.3305,0.4586,0.6821,0.4269,0.354,0.4242,0.4017,0.5049,0.0148,0.9776,0.0182,0.6173,1.0,0.7467,0.0635,0.4811,0.0365,0.5,0.15,0.3303,0.4584,0.6821,0.4266,0.4656,0.4242,0.4388,0.5037,0.0144,0.9777,0.0184,0.6168,1.0,0.765,0.0635,0.4811,0.0396,0.5,0.15,0.3304,0.4583,0.6821,0.4262,0.4698,0.4242,0.4401,0.5028,0.0141,0.9777,0.0185,0.6164,0.2463,0.7831,0.0635,0.4862,0.0395,0.5,0.15,0.3304,0.4581,0.6821,0.4259,0.3237,0.4241,0.3912,0.5028,0.0142,0.9777,0.0185,0.6161,0.9643,0.7992,0.0635,0.4862,0.0392,0.5,0.15,0.3304,0.4579,0.6821,0.4259,0.4705,0.4241,0.4402,0.5026,0.0141,0.986,0.0182,0.6159,0.4921,0.8108,0.0635,0.4814,0.045,0.5,0.15,0.3305,0.4577,0.6821,0.4274,0.3786,0.4241,0.41,0.5026,0.0139,0.9861,0.0181,0.6156,0.2941,0.9064,0.0635,0.4814,0.042,0.5,0.15,0.3304,0.4575,0.6821,0.4273,0.3575,0.424,0.4029,0.5024,0.0138,0.9861,0.0181,0.6154,0.0,0.8154,0.0635,0.48,0.0491,0.5,0.15,0.3305,0.4573,0.6821,0.4272,0.2816,0.424,0.3776,0.5024,0.0137,0.9861,0.0241,0.6151,1.0,0.8444,0.0635,0.4447,0.0461,0.5,0.15,0.3304,0.457,0.6821,0.4283,0.4797,0.4239,0.444,0.5023,0.0138,0.9861,0.0242,0.6149,1.0,0.8081,0.0635,0.4447,0.0478,0.5,0.15,0.3304,0.4567,0.6821,0.4283,0.4728,0.4238,0.4416,0.5023,0.014,0.9861,0.023,0.6146,0.5,0.7724,0.0635,0.4185,0.0423,0.5,0.15,0.3304,0.4564,0.6821,0.428,0.3593,0.4238,0.4037,0.5024,0.0141,0.9861,0.023,0.6145,0.7347,0.8153,0.0635,0.4091,0.0417,0.5,0.15,0.3304,0.4561,0.6821,0.428,0.4129,0.4237,0.4215,0.5024,0.0143,0.9861,0.0174,0.6144,0.119,0.7936,0.0635,0.4102,0.0319,1.0,0.15,0.3304,0.4558,0.6821,0.4269,0.2836,0.5237,0.4114,0.5023,0.0146,0.9861,0.0216,0.6144,0.175,0.8167,0.0635,0.3155,0.0282,0.0,0.15,0.3305,0.4554,0.6821,0.4278,0.2798,0.3236,0.3437,0.5023,0.0148,0.9861,0.015,0.6144,0.5814,0.8337,0.0635,0.3233,0.0372,0.0,0.15,0.3304,0.4549,0.6821,0.4265,0.3678,0.3235,0.3726,0.5024,0.0149,0.9903,0.0172,0.6143,0.3947,0.8107,0.0635,0.3258,0.0417,0.0,0.15,0.3304,0.4544,0.6821,0.4278,0.3273,0.3234,0.3595,0.5024,0.0151,0.9817,0.0195,0.6142,0.567,0.8038,0.0635,0.2984,0.0442,0.0,0.15,0.3304,0.4538,0.6821,0.4266,0.3554,0.3233,0.3684,0.5023,0.0152,0.9548,0.0251,0.6142,0.2291,0.8453,0.0635,0.3161,0.0469,0.0,0.15,0.3304,0.4532,0.6821,0.4223,0.3002,0.3231,0.3485
NZ,New Zealand,0.4717,0.0243,0.9601,0.0091,0.8727,0.8889,0.7466,0.2063,0.272,0.0134,0.5,0.45,0.6086,0.5473,0.7944,0.4676,0.4254,0.5801,0.491,0.4759,0.0236,0.9608,0.0091,0.8726,0.4643,0.7456,0.2063,0.2395,0.0132,0.5,0.45,0.6087,0.5471,0.7944,0.4684,0.3338,0.58,0.4607,0.48,0.023,0.9608,0.0091,0.8723,1.0,0.745,0.2063,0.2395,0.0175,0.5,0.45,0.6086,0.547,0.7943,0.469,0.4417,0.58,0.4969,0.484,0.0224,0.9609,0.0092,0.8721,1.0,0.7441,0.2063,0.2395,0.0191,0.5,0.45,0.6086,0.5469,0.7943,0.4697,0.4418,0.58,0.4972,0.4882,0.0218,0.9609,0.0093,0.8718,0.2463,0.7433,0.2063,0.2421,0.019,0.5,0.45,0.6087,0.5467,0.7944,0.4704,0.2914,0.58,0.4473,0.4897,0.0217,0.9609,0.0093,0.8717,0.9643,0.7405,0.2063,0.2421,0.0189,0.5,0.45,0.6087,0.5465,0.7944,0.4707,0.4344,0.5799,0.495,0.4911,0.0214,0.9609,0.0091,0.8715,0.3968,0.7338,0.2063,0.2397,0.0189,0.5,0.45,0.6087,0.5463,0.7944,0.4708,0.3191,0.5799,0.4566,0.4926,0.0211,0.9612,0.0091,0.8714,0.2941,0.7053,0.2063,0.2397,0.0159,0.5,0.45,0.6087,0.5461,0.7944,0.4711,0.2923,0.5798,0.4477,0.494,0.0208,0.9612,0.0091,0.8711,0.0,0.7258,0.2063,0.239,0.0173,0.5,0.45,0.6087,0.5459,0.7943,0.4712,0.2377,0.5798,0.4296,0.4955,0.0205,0.9612,0.0094,0.871,1.0,0.7138,0.2063,0.2279,0.0196,0.5,0.45,0.6087,0.5457,0.7943,0.4715,0.4335,0.5797,0.4949,0.4958,0.0207,0.9612,0.0094,0.8708,1.0,0.7155,0.2063,0.2279,0.0191,0.5,0.45,0.6087,0.5454,0.7943,0.4716,0.4338,0.5797,0.495,0.4962,0.0208,0.9612,0.0095,0.8707,0.5,0.7297,0.2063,0.2145,0.0099,0.5,0.45,0.6087,0.5451,0.7944,0.4717,0.3321,0.5796,0.4611,0.4965,0.021,0.9612,0.0095,0.8708,0.7347,0.7277,0.2063,0.2096,0.0097,0.5,0.45,0.6087,0.5448,0.7943,0.4718,0.3776,0.5796,0.4763,0.4969,0.0211,0.9612,0.0081,0.8707,0.119,0.7593,0.2063,0.2674,0.0069,1.0,0.45,0.6087,0.5444,0.7943,0.4716,0.2718,0.6795,0.4743,0.497,0.0214,0.9612,0.0081,0.8707,0.175,0.7418,0.2063,0.248,0.0013,1.0,0.45,0.6087,0.5441,0.7944,0.4717,0.2745,0.6794,0.4752,0.4975,0.0216,0.9609,0.0082,0.8708,0.5814,0.7094,0.2063,0.2409,0.0013,1.0,0.45,0.6087,0.5436,0.7943,0.4718,0.3479,0.6793,0.4997,0.4978,0.0217,0.9614,0.0066,0.8709,0.3684,0.7486,0.2063,0.2427,0.0143,1.0,0.45,0.6087,0.5431,0.7943,0.4717,0.3161,0.6792,0.489,0.4982,0.0218,0.9607,0.0104,0.8708,0.6289,0.7846,0.2063,0.196,0.0208,1.0,0.45,0.6087,0.5426,0.7944,0.4724,0.3673,0.6791,0.5063,0.4985,0.022,0.9605,0.0119,0.8708,0.3352,0.7838,0.2063,0.2313,0.0051,1.0,0.45,0.6087,0.542,0.7944,0.4727,0.3123,0.679,0.488
PL,Poland,0.3895,0.0,0.9815,0.0586,0.6388,1.0,0.7699,0.5714,0.4635,0.0312,0.5,0.85,0.8696,0.5016,0.2172,0.4137,0.5672,0.5877,0.5229,0.3946,0.0002,0.9818,0.0586,0.6408,0.4643,0.7693,0.5714,0.4081,0.0308,0.5,0.85,0.8696,0.5014,0.2171,0.4152,0.4488,0.5876,0.4839,0.3997,0.0004,0.9818,0.0612,0.6427,1.0,0.7689,0.5714,0.3922,0.0409,0.5,0.85,0.8695,0.5013,0.2171,0.4172,0.5547,0.5876,0.5198,0.4049,0.0006,0.9819,0.0606,0.6448,1.0,0.7683,0.5714,0.4073,0.0411,0.5,0.85,0.8695,0.5011,0.2171,0.4186,0.5576,0.5875,0.5212,0.41,0.0008,0.9833,0.053,0.6468,0.2537,0.7676,0.5714,0.4116,0.0307,0.5,0.85,0.8696,0.501,0.2171,0.4188,0.407,0.5875,0.4711,0.4128,0.0011,0.9832,0.053,0.6471,0.9643,0.7652,0.5714,0.4116,0.0305,0.5,0.85,0.8696,0.5008,0.2171,0.4194,0.5486,0.5875,0.5185,0.4155,0.0013,0.9832,0.0494,0.6474,0.3968,0.7583,0.5714,0.4076,0.0319,0.5,0.85,0.8696,0.5006,0.2171,0.4194,0.4332,0.5875,0.48,0.4183,0.0014,0.9834,0.0518,0.6477,0.2941,0.7285,0.5714,0.4076,0.0289,0.5,0.85,0.8695,0.5004,0.2171,0.4205,0.4061,0.5874,0.4713,0.4211,0.0016,0.9834,0.0518,0.6481,0.0,0.7345,0.5714,0.4064,0.026,0.5,0.85,0.8696,0.5001,0.2171,0.4212,0.3477,0.5874,0.4521,0.4238,0.0017,0.9834,0.0628,0.6484,1.0,0.7386,0.5714,0.3785,0.0321,0.5,0.85,0.8696,0.4999,0.2171,0.424,0.5441,0.5873,0.5185,0.4247,0.0019,0.9834,0.0739,0.6487,1.0,0.736,0.5714,0.3785,0.0314,0.5,0.85,0.8696,0.4996,0.2171,0.4265,0.5435,0.5873,0.5191,0.4256,0.002,0.9695,0.1027,0.649,0.0,0.7734,0.5714,0.3562,0.0296,0.5,0.85,0.8696,0.4993,0.2171,0.4298,0.3461,0.5872,0.4544,0.4265,0.0022,0.8696,0.1802,0.6494,0.0,0.7873,0.5714,0.3944,0.1154,0.5,0.85,0.8695,0.499,0.2171,0.4256,0.3737,0.5871,0.4621,0.4273,0.0024,0.8627,0.2268,0.6497,0.0,0.7839,0.5714,0.4149,0.1524,1.0,0.85,0.8696,0.4987,0.2171,0.4338,0.3845,0.6871,0.5018,0.4282,0.0027,0.853,0.2807,0.6501,0.0,0.8053,0.5714,0.3954,0.1438,1.0,0.85,0.8696,0.4983,0.2171,0.4429,0.3832,0.687,0.5044,0.429,0.0029,0.7824,0.2947,0.6506,0.0,0.8484,0.5714,0.3863,0.1503,1.0,0.85,0.8696,0.4978,0.2171,0.4319,0.3913,0.6869,0.5034,0.4299,0.003,0.7669,0.3069,0.6509,0.2544,0.8732,0.5714,0.4061,0.1706,1.0,0.85,0.8696,0.4973,0.2171,0.4315,0.4551,0.6868,0.5245,0.4307,0.0032,0.677,0.3281,0.6513,0.0,0.887,0.5714,0.4056,0.1896,1.0,0.85,0.8696,0.4968,0.2171,0.4181,0.4107,0.6867,0.5052,0.4316,0.0034,0.6497,0.3373,0.6517,0.2346,0.8829,0.5714,0.387,0.1876,1.0,0.85,0.8696,0.4961,0.2171,0.4147,0.4527,0.6866,0.518
SE,Sweden,0.1593,0.117,0.99,0.0052,0.6059,0.8889,0.9721,0.0,0.052,0.0,0.5,0.2786,0.4696,0.4135,0.7851,0.3755,0.3826,0.4894,0.4158,0.1584,0.1129,0.9902,0.0052,0.6054,0.4643,0.9752,0.0,0.0458,0.0,0.5,0.2786,0.4695,0.4133,0.785,0.3744,0.2971,0.4893,0.3869,0.1577,0.109,0.9902,0.0052,0.6048,1.0,0.9784,0.0,0.0458,0.0,0.5,0.2786,0.4695,0.4132,0.785,0.3734,0.4048,0.4893,0.4225,0.157,0.1054,0.9902,0.0053,0.6043,1.0,0.9816,0.0,0.0458,0.0,0.5,0.2786,0.4695,0.413,0.785,0.3724,0.4055,0.4892,0.4224,0.1561,0.1021,0.9902,0.0053,0.6037,0.2463,0.9846,0.0,0.0462,0.0,0.5,0.2786,0.4696,0.4129,0.785,0.3715,0.2554,0.4892,0.372,0.1554,0.1001,0.9902,0.0053,0.6034,0.9643,0.985,0.0,0.0462,0.0,0.5,0.2786,0.4696,0.4127,0.785,0.3709,0.3991,0.4892,0.4197,0.1547,0.0981,0.9902,0.0052,0.603,0.3968,0.9802,0.0,0.0458,0.0,0.5,0.2786,0.4696,0.4125,0.785,0.3702,0.2846,0.4891,0.3813,0.1542,0.0961,0.9903,0.0052,0.6027,0.2941,0.9525,0.0,0.0458,0.0,0.5,0.2786,0.4696,0.4123,0.785,0.3697,0.2585,0.4891,0.3724,0.1535,0.0943,0.9903,0.0052,0.6023,0.0,0.9526,0.0,0.0457,0.0,0.5,0.2786,0.4696,0.4121,0.785,0.3691,0.1997,0.4891,0.3526,0.1527,0.0925,0.9903,0.0053,0.602,1.0,0.966,0.0,0.0539,0.0,0.5,0.2786,0.4696,0.4118,0.785,0.3686,0.404,0.489,0.4205,0.1526,0.0925,0.9903,0.0054,0.6016,1.0,0.955,0.0,0.0539,0.0,0.5,0.2786,0.4695,0.4115,0.785,0.3685,0.4018,0.4889,0.4197,0.1527,0.0925,0.9903,0.0095,0.6013,0.5,0.9513,0.0,0.0508,0.0,0.5,0.2786,0.4696,0.4112,0.785,0.3693,0.3004,0.4889,0.3862,0.1524,0.0926,0.9903,0.0095,0.6012,0.7347,0.9393,0.0,0.0496,0.0,0.5,0.2786,0.4696,0.4109,0.785,0.3692,0.3447,0.4888,0.4009,0.1524,0.0926,0.9903,0.0067,0.6011,0.119,0.9412,0.0,0.0564,0.0,1.0,0.2786,0.4696,0.4106,0.785,0.3686,0.2233,0.5888,0.3936,0.1523,0.0928,0.9903,0.0067,0.6011,0.175,0.9206,0.0,0.0372,0.0,0.0,0.2786,0.4696,0.4102,0.785,0.3686,0.2266,0.3887,0.328,0.1524,0.0928,0.9902,0.0055,0.6011,0.5814,0.9332,0.0,0.0361,0.0,0.0,0.2786,0.4696,0.4097,0.785,0.3684,0.3101,0.3886,0.3557,0.152,0.0928,0.9903,0.004,0.601,0.3684,0.9531,0.0,0.0364,0.0,0.0,0.2786,0.4696,0.4092,0.785,0.368,0.2716,0.3885,0.3427,0.1521,0.0929,0.9902,0.0052,0.6009,0.6289,0.9294,0.0,0.0363,0.0,0.0,0.2786,0.4696,0.4087,0.785,0.3683,0.3189,0.3884,0.3585,0.152,0.0929,0.9972,0.0066,0.6008,0.3631,0.9186,0.0,0.1006,0.0,0.0,0.2786,0.4696,0.408,0.785,0.3699,0.2765,0.3882,0.3449
TH,Thailand,0.2662,0.426,0.3766,0.6302,0.1872,0.8889,0.3612,0.8413,0.5106,0.4555,0.5,0.9143,0.9217,0.5716,0.4386,0.3772,0.6115,0.6692,0.5526,0.2727,0.4304,0.388,0.6523,0.1907,0.4643,0.3794,0.8413,0.4205,0.4413,0.5,0.9143,0.9216,0.5715,0.4385,0.3868,0.5094,0.6692,0.5218,0.2792,0.4344,0.2507,0.6862,0.1942,0.0,0.3976,0.8413,0.4612,0.5737,0.5,0.9143,0.9217,0.5714,0.4385,0.3689,0.4548,0.6692,0.4976,0.2856,0.4382,0.2385,0.6667,0.1978,0.3125,0.416,0.8413,0.5062,0.58,0.5,0.9143,0.9217,0.5712,0.4385,0.3654,0.5312,0.6691,0.5219,0.2923,0.4417,0.3794,0.6079,0.2013,1.0,0.4344,0.8413,0.4698,0.5322,0.5,0.9143,0.9217,0.571,0.4386,0.3845,0.6555,0.6691,0.5697,0.2966,0.4346,0.3785,0.6397,0.2021,0.9643,0.4516,0.8413,0.4779,0.5305,0.5,0.9143,0.9217,0.5709,0.4385,0.3903,0.6531,0.6691,0.5708,0.301,0.428,0.3785,0.6416,0.203,0.3968,0.4662,0.8413,0.4902,0.5733,0.5,0.9143,0.9217,0.5707,0.4385,0.3904,0.5536,0.669,0.5377,0.3054,0.4216,0.3828,0.6101,0.2038,0.2941,0.4791,0.8413,0.4571,0.4877,0.5,0.9143,0.9217,0.5705,0.4385,0.3847,0.5119,0.669,0.5219,0.3099,0.4155,0.3828,0.5946,0.2047,0.0,0.4864,0.8413,0.4384,0.4762,0.5,0.9143,0.9218,0.5703,0.4385,0.3815,0.4485,0.669,0.4997,0.3143,0.4096,0.3828,0.6297,0.2055,1.0,0.509,0.8413,0.4433,0.5377,0.5,0.9143,0.9217,0.57,0.4385,0.3884,0.6663,0.6689,0.5745,0.3151,0.4119,0.2219,0.9059,0.2064,0.0,0.5057,0.8413,0.6645,0.7801,0.5,0.9143,0.9217,0.5698,0.4386,0.4122,0.5583,0.6689,0.5465,0.3163,0.414,0.2219,0.9351,0.2072,0.5,0.4781,0.8413,0.6314,0.8392,0.5,0.9143,0.9217,0.5695,0.4385,0.4189,0.658,0.6688,0.5819,0.3172,0.4161,0.2219,0.9336,0.208,0.7347,0.5057,0.8413,0.5457,0.8359,0.5,0.9143,0.9217,0.5692,0.4385,0.4194,0.6927,0.6687,0.5936,0.3181,0.4183,0.2219,0.9289,0.2089,0.119,0.5197,0.8413,0.578,0.8463,1.0,0.9143,0.9217,0.5688,0.4385,0.4192,0.5809,0.7687,0.5896,0.3192,0.4205,0.2677,0.8961,0.2098,1.0,0.5241,0.8413,0.5521,0.8118,1.0,0.9143,0.9217,0.5685,0.4386,0.4227,0.7459,0.7686,0.6457,0.3202,0.4227,0.2957,0.9004,0.2108,0.8488,0.5201,0.8413,0.4864,0.6955,1.0,0.9143,0.9217,0.568,0.4386,0.43,0.6784,0.7685,0.6256,0.321,0.4248,0.28,0.8717,0.2116,0.2193,0.5065,0.8413,0.5029,0.7565,1.0,0.9143,0.9217,0.5676,0.4386,0.4218,0.5653,0.7684,0.5852,0.3222,0.427,0.1882,0.8314,0.2125,0.0515,0.5163,0.8413,0.5022,0.7481,1.0,0.9143,0.9217,0.567,0.4386,0.3963,0.5319,0.7683,0.5655,0.323,0.4291,0.1977,0.8492,0.2133,0.3911,0.5225,0.8413,0.4578,0.7237,1.0,0.9143,0.9217,0.5664,0.4386,0.4025,0.5873,0.7682,0.586
US,United States,0.2127,0.0088,0.9872,0.0273,1.0,0.8889,1.0,0.2063,0.0132,0.0994,0.5,0.0,0.0,0.7285,0.3633,0.4472,0.4416,0.3184,0.4024,0.2149,0.0087,0.9874,0.0273,1.0,0.4643,1.0,0.2063,0.0116,0.0733,0.5,0.0,0.0,0.7284,0.3632,0.4477,0.3511,0.3183,0.3724,0.2171,0.0086,0.9874,0.0273,1.0,1.0,1.0,0.2063,0.0116,0.0905,0.5,0.0,0.0,0.7283,0.3632,0.4481,0.4617,0.3183,0.4094,0.2192,0.0085,0.9874,0.0277,1.0,1.0,1.0,0.2063,0.0116,0.0793,0.5,0.0,0.0,0.7282,0.3632,0.4486,0.4594,0.3183,0.4088,0.2214,0.0084,0.9874,0.0252,1.0,0.2463,1.0,0.2063,0.0118,0.0541,0.5,0.0,0.0,0.728,0.3633,0.4485,0.3037,0.3183,0.3568,0.2225,0.0086,0.9888,0.0212,1.0,1.0,0.9973,0.2063,0.0118,0.0378,0.5,0.0,0.0,0.7279,0.3632,0.4482,0.4506,0.3182,0.4057,0.2236,0.0086,0.9888,0.0208,1.0,0.3968,0.9892,0.2063,0.0116,0.0348,0.5,0.0,0.0,0.7278,0.3632,0.4484,0.3277,0.3182,0.3648,0.2247,0.0086,0.9889,0.0207,1.0,0.2941,0.9501,0.2063,0.0116,0.0347,0.5,0.0,0.0,0.7276,0.3632,0.4486,0.2994,0.3182,0.3554,0.2258,0.0086,0.9889,0.022,1.0,0.0,0.9519,0.2063,0.0116,0.0361,0.5,0.0,0.0,0.7274,0.3632,0.4491,0.2412,0.3181,0.3361,0.2269,0.0086,0.9889,0.0227,1.0,1.0,0.9656,0.2063,0.0,0.0335,0.5,0.0,0.0,0.7273,0.3632,0.4494,0.4411,0.3181,0.4029,0.2272,0.0087,0.9889,0.0228,1.0,1.0,0.9566,0.2063,0.0,0.0328,0.5,0.0,0.0,0.7271,0.3632,0.4495,0.4391,0.3181,0.4022,0.2275,0.0089,0.9889,0.023,1.0,0.5,0.957,0.2063,0.0,0.024,0.5,0.0,0.0,0.7269,0.3632,0.4497,0.3375,0.318,0.3684,0.2279,0.009,0.9861,0.0352,1.0,0.7143,0.9607,0.2063,0.0,0.0278,0.5,0.0,0.0,0.7266,0.3632,0.4516,0.3818,0.318,0.3838,0.2282,0.0092,0.9861,0.0832,1.0,0.119,0.9802,0.2063,0.0,0.036,1.0,0.0,0.0,0.7264,0.3632,0.4613,0.2683,0.4179,0.3825,0.2286,0.0095,0.9861,0.0769,1.0,0.175,0.9818,0.2063,0.03,0.0417,1.0,0.0,0.0,0.7261,0.3632,0.4602,0.287,0.4179,0.3884,0.2289,0.0097,0.9861,0.0819,1.0,0.5814,1.0,0.2063,0.0291,0.0492,0.0,0.0,0.0,0.7257,0.3632,0.4613,0.3732,0.2178,0.3508,0.2292,0.0098,0.989,0.078,1.0,0.386,1.0,0.2063,0.0294,0.0651,0.0,0.0,0.0,0.7254,0.3632,0.4612,0.3374,0.2177,0.3388,0.2295,0.01,0.9663,0.0402,1.0,0.4639,1.0,0.2063,0.0142,0.0338,0.0,0.0,0.0,0.725,0.3632,0.4492,0.3436,0.2176,0.3368,0.2299,0.0101,0.9562,0.0397,1.0,0.2961,1.0,0.2063,0.0136,0.0279,0.0,0.0,0.0,0.7245,0.3632,0.4472,0.3088,0.2175,0.3245
VN,Vietnam,0.3525,0.702,0.3295,0.9844,0.22,0.8889,0.4385,0.9206,0.8564,0.8368,0.5,0.9643,0.9737,0.2538,0.2117,0.5177,0.7882,0.5807,0.6289,0.3626,0.6997,0.3417,0.9089,0.2226,0.4643,0.4391,0.9206,0.754,0.7771,0.5,0.9643,0.9738,0.2536,0.2116,0.5071,0.671,0.5807,0.5863,0.3728,0.6977,0.3417,0.9115,0.2251,1.0,0.4396,0.9206,0.7404,0.7635,0.5,0.9643,0.9738,0.2535,0.2117,0.5098,0.7728,0.5807,0.6211,0.383,0.6959,0.3445,0.9223,0.2276,1.0,0.4401,0.9206,0.7404,0.7695,0.5,0.9643,0.9738,0.2534,0.2117,0.5147,0.7741,0.5806,0.6231,0.3934,0.6941,0.3445,0.9272,0.2302,0.2463,0.4407,0.9206,0.7413,0.7661,0.5,0.9643,0.9739,0.2532,0.2117,0.5179,0.623,0.5806,0.5738,0.3994,0.6807,0.3436,0.9272,0.231,0.9643,0.4401,0.9206,0.7559,0.7718,0.5,0.9643,0.9739,0.2531,0.2116,0.5164,0.7705,0.5806,0.6225,0.4055,0.6679,0.3087,0.9065,0.2319,0.0,0.4372,0.9206,0.7253,0.7663,0.5,0.9643,0.9739,0.2529,0.2117,0.5041,0.5699,0.5806,0.5515,0.4116,0.6556,0.3135,0.9041,0.2327,0.2941,0.4566,0.9206,0.7253,0.7612,0.5,0.9643,0.9739,0.2528,0.2117,0.5035,0.6316,0.5805,0.5719,0.4177,0.6438,0.3135,0.9041,0.2337,0.0,0.4222,0.9206,0.7384,0.7648,0.5,0.9643,0.974,0.2526,0.2117,0.5026,0.5692,0.5805,0.5508,0.4238,0.6325,0.2996,0.861,0.2345,0.0909,0.4284,0.9206,0.7004,0.7193,0.5,0.9643,0.9739,0.2524,0.2117,0.4903,0.5719,0.5805,0.5476,0.4256,0.6338,0.2996,0.8656,0.2354,1.0,0.3577,0.9206,0.6941,0.7008,0.5,0.9643,0.9739,0.2521,0.2117,0.492,0.7346,0.5804,0.6023,0.4275,0.635,0.2996,0.8703,0.2362,0.5,0.4126,0.9206,0.6442,0.7151,0.5,0.9643,0.9739,0.2519,0.2117,0.4937,0.6385,0.5804,0.5709,0.4294,0.6363,0.2996,0.8672,0.2371,0.7347,0.4184,0.9206,0.6457,0.7065,0.5,0.9643,0.9739,0.2516,0.2117,0.4939,0.6852,0.5803,0.5865,0.4313,0.6375,0.2996,0.8698,0.238,0.119,0.4299,0.9206,0.6513,0.7216,1.0,0.9643,0.9739,0.2513,0.2117,0.4952,0.5685,0.6802,0.5813,0.433,0.6389,0.2996,0.9123,0.2388,0.175,0.4494,0.9206,0.6315,0.7137,1.0,0.9643,0.9739,0.251,0.2117,0.5045,0.578,0.6802,0.5876,0.4349,0.6399,0.3054,0.9222,0.2399,0.6628,0.4585,0.9206,0.6133,0.754,1.0,0.9643,0.9739,0.2506,0.2117,0.5085,0.6818,0.6801,0.6235,0.4369,0.6411,0.4124,0.8968,0.2407,1.0,0.4866,0.9206,0.6255,0.724,1.0,0.9643,0.9739,0.2502,0.2117,0.5256,0.7513,0.68,0.6523,0.4388,0.6424,0.3497,0.8755,0.2416,0.2474,0.5147,0.9206,0.6358,0.7753,1.0,0.9643,0.9739,0.2498,0.2117,0.5096,0.6188,0.6799,0.6028,0.4405,0.6436,0.346,0.922,0.2425,0.3352,0.5317,0.9206,0.6654,0.7326,1.0,0.9643,0.9739,0.2492,0.2117,0.5189,0.6371,0.6798,0.6119
ZA,South Africa,0.0709,0.0221,0.5292,0.3086,0.3842,0.8889,0.4974,0.7619,0.045,0.1647,0.5,0.9072,0.9391,0.3083,0.1218,0.263,0.4716,0.5553,0.43,0.0722,0.0219,0.5378,0.3086,0.3859,0.4643,0.5085,0.7619,0.0396,0.1628,0.5,0.9071,0.939,0.3082,0.1217,0.2653,0.3874,0.5552,0.4026,0.0735,0.0217,0.5378,0.3099,0.3876,1.0,0.5197,0.7619,0.0281,0.165,0.5,0.9072,0.9391,0.308,0.1217,0.2661,0.4949,0.5552,0.4387,0.0748,0.0214,0.5397,0.3175,0.3893,1.0,0.531,0.7619,0.0281,0.1674,0.5,0.9072,0.939,0.3079,0.1218,0.2685,0.4977,0.5552,0.4405,0.0761,0.0212,0.5397,0.3166,0.391,0.2463,0.5422,0.7619,0.0284,0.1681,0.5,0.9072,0.9392,0.3077,0.1218,0.2689,0.3494,0.5552,0.3912,0.0765,0.0213,0.5014,0.3377,0.3918,0.0,0.552,0.7619,0.0284,0.1672,0.5,0.9071,0.9391,0.3076,0.1217,0.2657,0.3019,0.5551,0.3742,0.077,0.0214,0.5014,0.3247,0.3926,0.3968,0.5587,0.7619,0.071,0.1611,0.5,0.9071,0.9391,0.3074,0.1217,0.2634,0.3899,0.5551,0.4028,0.0774,0.0213,0.5049,0.3342,0.3934,0.2941,0.5412,0.7619,0.071,0.1577,0.5,0.9072,0.9391,0.3072,0.1217,0.2662,0.3652,0.555,0.3955,0.078,0.0213,0.5049,0.3368,0.3942,0.0,0.5713,0.7619,0.0708,0.1573,0.5,0.9071,0.9391,0.307,0.1218,0.267,0.3123,0.555,0.3781,0.0784,0.0214,0.5049,0.377,0.395,1.0,0.5782,0.7619,0.1536,0.162,0.5,0.9072,0.9391,0.3068,0.1218,0.2753,0.5311,0.555,0.4538,0.0784,0.0219,0.5049,0.3858,0.3958,1.0,0.593,0.7619,0.1536,0.1598,0.5,0.9071,0.9391,0.3065,0.1218,0.2774,0.5337,0.5549,0.4553,0.0787,0.0224,0.5049,0.4108,0.3966,0.5,0.6074,0.7619,0.1446,0.1439,0.5,0.9071,0.9391,0.3062,0.1218,0.2827,0.4316,0.5548,0.423,0.0789,0.0227,0.5049,0.4119,0.3974,0.7347,0.619,0.7619,0.1413,0.1446,0.5,0.9071,0.9391,0.3059,0.1218,0.2832,0.4803,0.5548,0.4394,0.0792,0.0231,0.5049,0.4604,0.3983,0.119,0.6093,0.7619,0.1466,0.1676,1.0,0.9071,0.9391,0.3056,0.1218,0.2932,0.3609,0.6547,0.4363,0.0792,0.0236,0.5049,0.4386,0.3991,0.175,0.6118,0.7619,0.1273,0.1478,1.0,0.9072,0.9391,0.3053,0.1218,0.2891,0.3648,0.6547,0.4362,0.0795,0.0241,0.5397,0.4202,0.4,0.8953,0.653,0.7619,0.1586,0.1689,1.0,0.9071,0.9391,0.3049,0.1218,0.2927,0.5275,0.6546,0.4916,0.0797,0.0244,0.5448,0.3545,0.4008,0.3684,0.6366,0.7619,0.2001,0.1745,1.0,0.9071,0.9391,0.3044,0.1218,0.2808,0.4283,0.6545,0.4545,0.08,0.0249,0.5365,0.3684,0.4017,0.6289,0.6431,0.7619,0.1998,0.1623,1.0,0.9071,0.9391,0.3039,0.1218,0.2823,0.4792,0.6544,0.472,0.08,0.0253,0.524,0.3651,0.4025,0.2961,0.6407,0.7619,0.1906,0.1711,1.0,0.9071,0.9391,0.3033,0.1218,0.2794,0.4121,0.6543,0.4486
